track_id,track_name,track_duration_ms,track_popularity,track_genres,album_id,album_name,album_release_date,album_label,artist_ids,artist_names,release_year,track_duration_sec,source_playlist_id,playlist_name,playlist_owner,user_id
6p4Kp6ZpzuuIhoJIsvQXzU,Limitless - Arcando Remix,125843,41,"['future house', 'electronica', 'progressive house', 'edm', 'drum and bass']",0YDIJKZcaJupUFdt2vay2K,Limitless (Arcando Remix),2025-05-09,,"['60d24wfXkVzDSfLS6hyCjZ', '0RViEWnZO2VhmY4oI0PhF9', '0ycvq8upLhNmddPdQXhLOy']","['Martin Garrix', 'Mesto', 'Arcando']",2025,125.843,3yqirG2PgAhJRpf8o312Ak,FAVORITE BASS 2025,Jimin,
3dcWKFefG4Otjdb6ykBVcY,Feel The Vibration,201847,58,"['drum and bass', 'liquid funk', 'bassline']",4L2BjQY9sslyCYkcF8CsS0,Feel The Vibration,2025-04-17,,['1KiNUGL3r0GgyLwqYCY1yV'],['Kanine'],2025,201.847,3yqirG2PgAhJRpf8o312Ak,FAVORITE BASS 2025,Jimin,
0FXxWeH5wCX4SqeQ0Mtdar,The Formula,169275,40,"['liquid funk', 'future house', 'edm', 'big room', 'drum and bass']",0QxE4lahxpdZVJ4SKem6VB,The Formula,2025-04-11,,"['6jsS2mOTAxVrlSUWiPLXpH', '67vd9gNF4DOLk91mqL6Jkd', '3Hzok9apHnCGDDkGltQcMg', '1l2ekx5skC4gJH8djERwh1']","['T & Sugah', 'Control Alt Delete', 'Kris Kiss', 'Don Diablo']",2025,169.275,3yqirG2PgAhJRpf8o312Ak,FAVORITE BASS 2025,Jimin,
6yWCx32ltE7Kcoq6k4hJqX,LOUDER,222069,35,"['drum and bass', 'jungle', 'bassline']",4BlHJap7UWIyvT0ZdsrwoD,LOUDER,2025-04-23,,"['1h8wkWuZQKyDiwbLogtoL0', '1YrGu3E2y8jG5JJFlDEWFE']","['Mozey', 'Circadian']",2025,222.069,3yqirG2PgAhJRpf8o312Ak,FAVORITE BASS 2025,Jimin,
4yI74bdkCfRmhr3BzMTLwU,Liftoff,180689,24,"['drum and bass', 'bassline']",4f1MB3TwIBkzUixeNncZIw,X12,2025-03-14,,['5DygptUY6coQHpmgFfISzQ'],['A.M.C'],2025,180.689,3yqirG2PgAhJRpf8o312Ak,FAVORITE BASS 2025,Jimin,
1dUjSCxkIgbZzLQG8EW0rw,WERK,183448,6,['drum and bass'],2sZbraU1zKaS5lB1U9iuks,WERK,2025-03-28,,['7KgEOoJ0CawH7NOaLe34Qe'],['Pirapus'],2025,183.448,3yqirG2PgAhJRpf8o312Ak,FAVORITE BASS 2025,Jimin,
7A2K6UcyFSt7wBuv4B6kXi,Miracle,165517,28,"['trance', 'drum and bass', 'liquid funk']",36Vuo1Sls1ZzZqcceuapAh,Miracle,2025-06-20,,"['0QaSiI5TLA4N7mcsdxShDO', '6lp2VnIRXXpC9Wz7hSX6RE', '2t9efDsc10DtZpi4LP3BJJ']","['Sub Focus', 'Culture Shock', 'Fragma']",2025,165.517,3yqirG2PgAhJRpf8o312Ak,FAVORITE BASS 2025,Jimin,
6k65tpDYrP39jUPQcxvhmy,BODY DROP (Won't Stop),224914,39,['drum and bass'],02YJzamF4j3mvuxsKHaq5A,BODY DROP (Won't Stop),2025-07-04,,['7KgEOoJ0CawH7NOaLe34Qe'],['Pirapus'],2025,224.914,3yqirG2PgAhJRpf8o312Ak,FAVORITE BASS 2025,Jimin,
1ZaP48UAQ78yRQ0spu4MUX,Vital Signs,226206,38,"['drum and bass', 'liquid funk']",3xQnV5ep2U8sKAFLLImoDz,Vital Signs,2025-05-02,,"['27YdXZOMLqvxI2pB5GyqyY', '4yzrGOiPCcssfpKBT0bnHR']","['Grafix', 'Nu-La']",2025,226.206,3yqirG2PgAhJRpf8o312Ak,FAVORITE BASS 2025,Jimin,
2R2NZJZ5P52UOEp2IhlrzX,Ultrasound,185142,46,['drum and bass'],2FC2qvtOZfOuQRscDSZq2w,Ultrasound,2025-02-21,,"['0ycvq8upLhNmddPdQXhLOy', '7KgEOoJ0CawH7NOaLe34Qe']","['Arcando', 'Pirapus']",2025,185.142,3yqirG2PgAhJRpf8o312Ak,FAVORITE BASS 2025,Jimin,
1lJVG4aXmbvMM2jpkbzckJ,Make It Pump,226206,38,"['drum and bass', 'liquid funk']",5pnLZQqX9jJcQJd5wi9jxK,Make It Pump,2024-11-26,,"['6lp2VnIRXXpC9Wz7hSX6RE', '27YdXZOMLqvxI2pB5GyqyY']","['Culture Shock', 'Grafix']",2024,226.206,3yqirG2PgAhJRpf8o312Ak,FAVORITE BASS 2025,Jimin,
4J4KcVmHSypHymgMpAP9cn,Sound of You,204236,58,"['trance', 'dubstep', 'electronica', 'progressive house', 'edm', 'progressive trance', 'drum and bass']",6J4wHgqUO4f0mqp0Cfy3mG,Sound of You,2025-04-11,,"['7MqnCTCAX6SsIYYdJCQj9B', '0SfsnGyD8FpIN4U4WCkBZ5', '2SNg8nqwOHF1eZgRnL9zes']","['Pendulum', 'Armin van Buuren', 'Rob Swire']",2025,204.236,3yqirG2PgAhJRpf8o312Ak,FAVORITE BASS 2025,Jimin,
3cYTnUooCbwikxo74eKc5Q,Yeah Yeah,204137,43,"['drum and bass', 'liquid funk', 'melbourne bounce']",2p9GM8iVsMDpgDk2dQSPoK,Yeah Yeah,2025-05-30,,"['2IP71LH7CbwddhsEXBI0fy', '4ugGMtXC28CVR5hlYJy9wV', '1vWImodgVqIgTUkekGEfR9']","['1991', 'Luciana', 'Dave Aud√©']",2025,204.137,3yqirG2PgAhJRpf8o312Ak,FAVORITE BASS 2025,Jimin,
2643nlSG50p5R1Gvdciwms,We're On Fire,224827,43,"['drum and bass', 'liquid funk', 'stutter house']",5BiUT0wRbmplZQ2MG6FoUN,We're On Fire,2025-03-21,,"['27YdXZOMLqvxI2pB5GyqyY', '3tQg7VPp1T879q1AE4yIM2']","['Grafix', 'Madishu']",2025,224.827,3yqirG2PgAhJRpf8o312Ak,FAVORITE BASS 2025,Jimin,
48xIuXP8AN7dnan1Afsoqv,System Shock,136688,47,"['dubstep', 'riddim', 'bass music', 'jungle', 'edm', 'dub', 'bassline', 'deathstep', 'drum and bass']",7ADLWJaRuxts3AfNcJPXQq,System Shock,2025-02-28,,"['3NJ94iuAmmMjbszODYT6pO', '22I9QWygJ2IfxR855VsA3t', '17fY0VRyqRgmqI3dHlE1UU']","['Subtronics', 'Hedex', 'IRAH']",2025,136.688,3yqirG2PgAhJRpf8o312Ak,FAVORITE BASS 2025,Jimin,
4FgVnU3X6rcmnd5ujsfoK6,Say My Name - Sub Focus Remix,193103,54,"['house', 'hard house', 'drum and bass', 'liquid funk']",5DE66vw3jDlI0K2odEo8sm,Say My Name (Sub Focus Remix),2025-04-04,,"['0GInfEJXl2kGPhSsVqEqXh', '0QaSiI5TLA4N7mcsdxShDO']","['Morgan Seatree', 'Sub Focus']",2025,193.103,3yqirG2PgAhJRpf8o312Ak,FAVORITE BASS 2025,Jimin,
6POvzcHeKt5SEDTrptAKO8,Back 2 Dance,172413,22,"['drum and bass', 'bassline']",7FpGVcwKzPiGQnTIIQJyF1,Back 2 Dance,2025-01-17,,['5DygptUY6coQHpmgFfISzQ'],['A.M.C'],2025,172.413,3yqirG2PgAhJRpf8o312Ak,FAVORITE BASS 2025,Jimin,
7JUmXIkoaPshCRdyw5nEEh,Empire,262068,39,"['drum and bass', 'liquid funk']",5XDaDZ3w9wxPvrKeKzhg1E,Empire,2025-04-04,,['6lp2VnIRXXpC9Wz7hSX6RE'],['Culture Shock'],2025,262.068,3yqirG2PgAhJRpf8o312Ak,FAVORITE BASS 2025,Jimin,
2B0xsnWUjm7cPLs9gGoepp,On & On,184827,63,"['drum and bass', 'liquid funk']",4MkZ4elzb1iHTMmzyYh1Jc,On & On,2025-03-14,,"['0QaSiI5TLA4N7mcsdxShDO', '2UNjfzEkfsdWVDwnuD6vdH']","['Sub Focus', 'bbyclose']",2025,184.827,3yqirG2PgAhJRpf8o312Ak,FAVORITE BASS 2025,Jimin,
1dgTcXVMLvp0aeiBFPtW9a,Outlaw,177136,36,"['uk grime', 'drum and bass', 'grime', 'liquid funk']",1CmpfvkAdZF2M3X25bwsWQ,Outlaw,2025-03-28,,"['410Yzyq0DmhJImIxqy5wOC', '1AKNroq6zJX4DlJaA0dcKw']","['Flowidus', 'Frisco']",2025,177.136,3yqirG2PgAhJRpf8o312Ak,FAVORITE BASS 2025,Jimin,
35mele207P8xoKXOsTh52L,PURPOSE,167314,32,"['drum and bass', 'drumstep']",0gXmfiCDIV0DRnHakUxXjU,PURPOSE,2025-05-13,,"['3Xtaqhj8MygkfndSArQOOS', '6iwQ21ctUhnKozPAQx6zyC']","['Blooom', 'Maksim MC']",2025,167.314,3yqirG2PgAhJRpf8o312Ak,FAVORITE BASS 2025,Jimin,
0PqYsNLTkPDMvlcFMEeLZ3,XTC,215730,21,"['drum and bass', 'bassline']",0B54AlSGakyaFEMGHf714H,XTC,2024-12-11,,['6GkcKgyIKaZxmZGcKdJDxL'],['Formula'],2024,215.73,3yqirG2PgAhJRpf8o312Ak,FAVORITE BASS 2025,Jimin,
4fAvysHdWEzLa4B4U6RC1x,On & On - Kanine Remix,175248,47,"['drum and bass', 'liquid funk', 'bassline']",0uEVqyZv8X2oZqG0abb3AV,On & On (Kanine Remix),2025-05-16,,"['0QaSiI5TLA4N7mcsdxShDO', '2UNjfzEkfsdWVDwnuD6vdH', '1KiNUGL3r0GgyLwqYCY1yV']","['Sub Focus', 'bbyclose', 'Kanine']",2025,175.248,3yqirG2PgAhJRpf8o312Ak,FAVORITE BASS 2025,Jimin,
1kq7feGMFG3NPRwm5XR5fs,California Dreamin',170057,44,['drum and bass'],3pzkEzkgov9KStfPxPiA1C,California Dreamin',2025-04-02,,['0ycvq8upLhNmddPdQXhLOy'],['Arcando'],2025,170.057,3yqirG2PgAhJRpf8o312Ak,FAVORITE BASS 2025,Jimin,
5L77XvT57nOMNth7TuSm7a,Heaven,208275,38,"['drum and bass', 'liquid funk']",7kU8Zlye6UZe03yWzkZKxC,Heaven,2025-05-30,,"['7xu08SujAqLp7BGinS96vd', '4PxFr57PZWOCVJ5HkJyaoD']","['Venjent', 'Oktae']",2025,208.275,3yqirG2PgAhJRpf8o312Ak,FAVORITE BASS 2025,Jimin,
6aBm5lBiBcEBc8moW055LI,TYPE SH*T,212870,57,"['dubstep', 'riddim', 'bass house', 'edm trap', 'edm', 'future bass', 'deathstep']",78bvzzE2E47QhUUoYhmJ4g,TYPE SH*T,2025-06-06,,"['5lCekoJW9jNq01B1wiqdAb', '76M2Ekj8bG8W7X2nbx2CpF', '24zj84GShUIcBQYq6VpOYW']","['Crankdat', 'NGHTMRE', 'Duke Deuce']",2025,212.87,3yqirG2PgAhJRpf8o312Ak,FAVORITE BASS 2025,Jimin,
0AdQigPVEFZrgzdBGHEnuC,shake!the!city!,196129,49,"['bass house', 'edm', 'bassline']",0m7RPdwNo1gte0nUSwh2yv,nolimit,2025-01-17,,"['6mmSS7itNWKbapgG2eZbIg', '6n4qDgsuoohAN5Q7HebLvU']","['Knock2', 'Naliya']",2025,196.129,3yqirG2PgAhJRpf8o312Ak,FAVORITE BASS 2025,Jimin,
2zlDtXQorGWTSTyxuZvOxM,dance or dead,173413,41,"['bass house', 'thai pop', 't-pop', 'edm', 'thai hip hop', 'thai trap', 'bassline']",0m7RPdwNo1gte0nUSwh2yv,nolimit,2025-01-17,,"['6mmSS7itNWKbapgG2eZbIg', '1eVPKI2R4NlX6P5FIuMXis']","['Knock2', 'MILLI']",2025,173.413,3yqirG2PgAhJRpf8o312Ak,FAVORITE BASS 2025,Jimin,
68V8nkmtQAnQ1daNWc9sFO,"crank the bass, play the muzik",208086,49,"['bass house', 'edm', 'bassline']",0m7RPdwNo1gte0nUSwh2yv,nolimit,2025-01-17,,['6mmSS7itNWKbapgG2eZbIg'],['Knock2'],2025,208.086,3yqirG2PgAhJRpf8o312Ak,FAVORITE BASS 2025,Jimin,
5Gyk61VF5P3eIJ1dZwI7nh,party! (dance alone),160427,41,"['bass house', 'jersey club', 'edm', 'bassline', 'hyperpop']",0m7RPdwNo1gte0nUSwh2yv,nolimit,2025-01-17,,"['6mmSS7itNWKbapgG2eZbIg', '1bhZt10yZVCJfp3HaNxJv8', '0647ep4AirMtU3Iq9YcBXm']","['Knock2', 'Riovaz', 'cade clair']",2025,160.427,3yqirG2PgAhJRpf8o312Ak,FAVORITE BASS 2025,Jimin,
55uf1FtsrO1C1pQU457O5h,select@,164139,44,"['bass house', 'edm', 'bassline']",0m7RPdwNo1gte0nUSwh2yv,nolimit,2025-01-17,,['6mmSS7itNWKbapgG2eZbIg'],['Knock2'],2025,164.139,3yqirG2PgAhJRpf8o312Ak,FAVORITE BASS 2025,Jimin,
1Ox9wm23PPkBUPLzKYekgY,ready 2,166913,40,"['bass house', 'edm', 'bassline']",0m7RPdwNo1gte0nUSwh2yv,nolimit,2025-01-17,,['6mmSS7itNWKbapgG2eZbIg'],['Knock2'],2025,166.913,3yqirG2PgAhJRpf8o312Ak,FAVORITE BASS 2025,Jimin,
0lU2cMyeOWRimsZaN0qQVn,lights down low,224019,43,"['bass house', 'edm', 'edm trap', 'bassline']",0m7RPdwNo1gte0nUSwh2yv,nolimit,2025-01-17,,"['6mmSS7itNWKbapgG2eZbIg', '4IVi10Tw5s4iwiPUvh6DcF', '4jz58WEDWGF8fy6s58F2nV']","['Knock2', 'RemK', 'XAELO']",2025,224.019,3yqirG2PgAhJRpf8o312Ak,FAVORITE BASS 2025,Jimin,
4ZlQBzmVQ1n8qAdIN1enMV,Icarus - Shockone Remix,173793,27,"['metal', 'dubstep', 'riddim', 'bass music', 'deathcore', 'liquid funk', 'metalcore', 'djent', 'deathstep', 'drum and bass', 'drumstep']",2Bw07TP2W63OU9lbYHquGc,Icarus - Shockone Remix,2024-11-08,,"['0mO3Yf5XIPHfAbHh8yWLFk', '0v2e0oznnTaIXKLGKHphfX', '1yShtQaHjChbToQboKRzgH']","['PhaseOne', 'Polaris', 'ShockOne']",2024,173.793,3yqirG2PgAhJRpf8o312Ak,FAVORITE BASS 2025,Jimin,
4N90rKC3I3BQyROLHtXFIc,IDGAF,201600,21,"['edm trap', 'dubstep', 'crunk']",3wAV4RmAtuVVKUy7HWrK2i,IDGAF,2025-02-14,,"['2FmzVitXZjIkFolH8HXd4j', '7sfl4Xt5KmfyDs2T3SVSMK']","['Flosstradamus', 'Lil Jon']",2025,201.6,3yqirG2PgAhJRpf8o312Ak,FAVORITE BASS 2025,Jimin,
5hINmK2dM9AyxpPC2AclAI,STYLEZ,173400,32,"['dubstep', 'riddim', 'bass music', 'bass house', 'g-house', 'deathstep']",5aqCmVimZYeCH64EUSPYQw,STYLEZ,2025-02-14,,"['1htHgbGwgCWJBfGiQwcRqC', '1s6bMklFjSRcrMy2FtobWM']","['Dr. Fresch', 'Calcium']",2025,173.4,3yqirG2PgAhJRpf8o312Ak,FAVORITE BASS 2025,Jimin,
5g25NbR1XTe48Wmz17rh7R,I Think I Like You (feat. CHYL),177600,22,"['bass house', 'electro house']",363ZIyafmc3TxEhPuZfoJZ,I Think I Like You (feat. CHYL),2025-02-21,,"['4FS6bomikvJR2E9JHNwiAM', '5RqV5Ga5EPI4NlgsiELB4m', '15HOfHbNWedCAcJ3Cm1mbc']","['RayRay', 'DJ Mii', 'CHYL']",2025,177.6,3yqirG2PgAhJRpf8o312Ak,FAVORITE BASS 2025,Jimin,
4d9PS5dlzlRd3oGhNLxPCb,GET SMACKED,220350,42,"['dubstep', 'riddim', 'bass music', 'melodic bass', 'edm', 'deathstep']",4fxtTnPxoJpfL2z9FgFZ2j,GET SMACKED,2025-03-07,,"['2K9qsrYnsu1EWt7ZQkkuXb', '5dqKDhDTrjMvSExBmfMNeH']","['Ray Volpe', 'Vastive']",2025,220.35,3yqirG2PgAhJRpf8o312Ak,FAVORITE BASS 2025,Jimin,
2K1Grx3at2GH9ErGX1o9NV,Whiplash,195114,56,"['dubstep', 'riddim', 'bass house', 'edm', 'deathstep']",3JYuC5TTDbobgRCKo38xW9,Whiplash,2025-03-14,,"['5lCekoJW9jNq01B1wiqdAb', '5JQzXeT8vXc1N4Y6tGenCb']","['Crankdat', 'SOFI']",2025,195.114,3yqirG2PgAhJRpf8o312Ak,FAVORITE BASS 2025,Jimin,
6iDOGlPGVC380H9ufZUQJb,Try Again,244883,28,"['dubstep', 'riddim', 'deathstep']",6CxSfaeeQFlzmcn0uc4jSo,Try Again,2025-04-04,,['0qPGd8tOMHlFZt8EA1uLFY'],['RIOT'],2025,244.883,3yqirG2PgAhJRpf8o312Ak,FAVORITE BASS 2025,Jimin,
4RIqJleQdPOg4KSo6uTmtK,PAYBACK,219230,41,"['dubstep', 'riddim', 'bass music', 'melodic bass', 'edm', 'deathstep']",1PFMCeY6VJm60Vmtl3mEk0,PAYBACK,2025-04-18,,['2K9qsrYnsu1EWt7ZQkkuXb'],['Ray Volpe'],2025,219.23,3yqirG2PgAhJRpf8o312Ak,FAVORITE BASS 2025,Jimin,
3kVErhT9snahjQ9MI7M0XM,Run Away,176000,18,"['dubstep', 'riddim', 'bass house', 'melodic bass', 'deathstep']",4MprVYIKWz4MfELqvzjSqT,Rave New World (Album Sampler),2024-12-11,,"['4odLDriBk6oEZotzLPTSnD', '3UFeSCo9XJzKNt0Y2Yq1Hb', '15HOfHbNWedCAcJ3Cm1mbc', '1smczP1QDorQcyiGA69tF6']","['Jessica Audiffred', 'Softest Chyl', 'CHYL', 'Softest Hard']",2024,176.0,3yqirG2PgAhJRpf8o312Ak,FAVORITE BASS 2025,Jimin,
2NehwPxlC828pU6haiVlLw,"Blood, Sweat & Fears",235285,22,"['dubstep', 'riddim', 'bass music', 'deathstep']",6LjYniixLem2Xw9bphEEfS,"Blood, Sweat & Fears",2025-05-23,,['1sJO9NMvEseJKrVeXEwTqB'],['Perry Wayne'],2025,235.285,3yqirG2PgAhJRpf8o312Ak,FAVORITE BASS 2025,Jimin,
3wecO1VIkqi4pznzPh1BWz,RELOADED,228804,38,"['dubstep', 'riddim', 'bass music', 'bass house', 'edm', 'dub', 'deathstep']",4Nva0ALH9eQw7jwWRi8Z6k,RELOADED,2025-05-23,,"['540vIaP2JwjQb9dm3aArA4', '37PZXblQTqpEWGdjctNcGP']","['DJ Snake', 'Space Laces']",2025,228.804,3yqirG2PgAhJRpf8o312Ak,FAVORITE BASS 2025,Jimin,
7nONHlO1Mb3lKv4DAouhxV,BRING THE PAIN,152275,30,"['dubstep', 'riddim', 'deathstep']",4qakMhyffJ12zn4qGHSrjR,BRING THE PAIN,2025-06-13,,"['75vCyksqhYjtt5VIpc8g7u', '2ozQcs5XxFaj5fvA02zhwo', '67RWyN1fDOu7WuSTIi5hE7']","['DJ DIESEL', 'LAYZ', ""Shaquille O'Neal""]",2025,152.275,3yqirG2PgAhJRpf8o312Ak,FAVORITE BASS 2025,Jimin,
5twIUTVteUEWdWaN1CjYBl,REWIND,198800,43,"['dubstep', 'riddim', 'bass music', 'melodic bass', 'edm', 'deathstep']",3B0PsoElT0yfsrnJ0p3HyI,REWIND,2025-05-30,,"['2K9qsrYnsu1EWt7ZQkkuXb', '1CXuuw8HJhyN80HlNzvL1e']","['Ray Volpe', 'Sullivan King']",2025,198.8,3yqirG2PgAhJRpf8o312Ak,FAVORITE BASS 2025,Jimin,
7CGRpbovLSEoaLlL5UKqvh,Hooked (On A Feeling),201930,47,"['drum and bass', 'liquid funk']",7rjAAdIWlanmu1aVPj5HVT,Hooked (On A Feeling),2025-06-06,,"['6Qcn4TflUyLRoA6w44IQSU', '22WNm8HQaXcq3qYDowNUDt']","['Freaks & Geeks', 'Sophie-Grace']",2025,201.93,3yqirG2PgAhJRpf8o312Ak,FAVORITE BASS 2025,Jimin,
6CT5bIT2xJ776subCQoxwd,Operator,111627,35,"['bass house', 'future house', 'edm', 'electro house', 'big room', 'drum and bass']",0v1cjI2NqvI8Quiq2s2SS8,Operator,2025-06-13,,"['0ycvq8upLhNmddPdQXhLOy', '2vUCVkeZjzDcaoX4gagHdV']","['Arcando', 'Julian Jordan']",2025,111.627,3yqirG2PgAhJRpf8o312Ak,FAVORITE BASS 2025,Jimin,
62z0VrPN4cAUSGqbQlSGFI,In My Arms - Wooli Remix,195310,47,"['dubstep', 'riddim', 'bass music', 'melodic bass', 'edm', 'future bass', 'deathstep']",4cOQhLoZq8oKbLuqnGICph,In My Arms (Wooli Remix),2025-07-04,,"['45eNHdiiabvmbp4erw26rg', '4yX6mpMyBGf9UfvBB8JJrc', '1Uyqa2sdHm1bL5JK4IC4zc']","['ILLENIUM', 'HAYLA', 'Wooli']",2025,195.31,3yqirG2PgAhJRpf8o312Ak,FAVORITE BASS 2025,Jimin,
2zJEJNYyI45ekNQbJQ2oTf,What U Got,168053,39,"['dubstep', 'riddim', 'bass music', 'edm trap', 'edm', 'future bass', 'dub', 'deathstep', 'drumstep']",3pT7yoj0eMAguauZW5dOk2,What U Got,2025-07-14,,"['4FXGRMSHh2JjHxVwS8dhH1', '7HeSEuZA4D7EtdygBjCbi9']","['Virtual Riot', 'Viperactive']",2025,168.053,3yqirG2PgAhJRpf8o312Ak,FAVORITE BASS 2025,Jimin,
1hJL9C8kDIaAPkj6c4WB8x,Miracle - VIP Mix,204137,44,"['trance', 'drum and bass', 'liquid funk']",24sFajHPPO4XbaTMBKIaHZ,Miracle (VIP Mix),2025-07-04,,"['0QaSiI5TLA4N7mcsdxShDO', '6lp2VnIRXXpC9Wz7hSX6RE', '2t9efDsc10DtZpi4LP3BJJ']","['Sub Focus', 'Culture Shock', 'Fragma']",2025,204.137,3yqirG2PgAhJRpf8o312Ak,FAVORITE BASS 2025,Jimin,
0WXchilrgJHgVBxOcB1E3h,Air Max,180689,18,"['big room', 'drum and bass', 'bass house', 'bassline']",4ywAbu8FQzFzTlURJdceId,Unity,2025-01-24,,"['4lWmv250WqWOnM0FKmHxiO', '37C3qTCakuZc3EjTari9lU']","['NLW', 'Primate']",2025,180.689,3yqirG2PgAhJRpf8o312Ak,FAVORITE BASS 2025,Jimin,
7ejjJcMFi1drs5Iy6xiAn2,Encore,174421,44,"['dubstep', 'riddim', 'bass music', 'melodic bass', 'edm', 'dub', 'deathstep']",7DHtNFKiPvXOIAt7wkTzdb,Encore,2025-07-16,,"['5FKchcZpQOkqFvXBj1aCvb', '1CXuuw8HJhyN80HlNzvL1e']","['Excision', 'Sullivan King']",2025,174.421,3yqirG2PgAhJRpf8o312Ak,FAVORITE BASS 2025,Jimin,
71ZLUITpAp9J4woBHXnTLa,Cannibal,201131,42,"['drum and bass', 'dubstep']",4sdOB0zTTdmqLyPs8tHXAJ,Cannibal,2025-07-25,,"['7MqnCTCAX6SsIYYdJCQj9B', '1NRudBLaT84LXxfsYdFMhB']","['Pendulum', 'WARGASM (UK)']",2025,201.131,3yqirG2PgAhJRpf8o312Ak,FAVORITE BASS 2025,Jimin,
0Uz3OufBFTRjxMwZp6K1Wu,LIMIT,246971,35,"['dubstep', 'bassline', 'jungle', 'drum and bass', 'drumstep']",4dh8Av4Go0Tg84yV2G87et,LIMIT,2025-07-25,,"['24kY0bUku58QhWv5WFFXaf', '2JckSanHaR24IYLgQv60zn', '2zEASt0PHuI24e3JlAe17d']","['REAPER', 'AC13', 'Kate McGill']",2025,246.971,3yqirG2PgAhJRpf8o312Ak,FAVORITE BASS 2025,Jimin,
0Z7R52WY3ZHWCThXyAI9fO,Cash Grab,203657,23,"['drum and bass', 'jungle', 'bassline']",7CIoaxR72jTjspeIeCViKI,Cash Grab / Oceans 11,2025-07-25,,"['6GkcKgyIKaZxmZGcKdJDxL', '3507PTC2o2C1Csx71Gk2v4']","['Formula', 'Jenks (UK)']",2025,203.657,3yqirG2PgAhJRpf8o312Ak,FAVORITE BASS 2025,Jimin,
5n64IJg0swP4xc2pKfMvWJ,Destruction,208103,36,"['dubstep', 'dub']",2E5C1AI1CjB47vcZ487wV1,Destruction,2025-07-25,,['4uRYpUQZrNrY5t8tAv3XrD'],['NERO'],2025,208.103,3yqirG2PgAhJRpf8o312Ak,FAVORITE BASS 2025,Jimin,
6cLjygh85zqBwqvsZbDuCF,Legends (feat. P Money),167314,41,"['grime', 'dubstep', 'riddim', 'bass music', 'liquid funk', 'uk grime', 'edm', 'dub', 'bassline', 'deathstep', 'drum and bass']",2uExlr2sev8xKTkZg5KdeT,Legends (feat. P Money),2025-06-06,,"['3NJ94iuAmmMjbszODYT6pO', '5xdizdgbQQvGAgAolGhpXr', '6WjX4pepHwXa85B9KMk0PY']","['Subtronics', 'Friction', 'P Money']",2025,167.314,3yqirG2PgAhJRpf8o312Ak,FAVORITE BASS 2025,Jimin,
5aYrqHtWy7UJljAVq3LFwv,Napalm,204214,47,"['drum and bass', 'dubstep']",2vwB6SbE20uH2iaDpFb4Rc,Napalm,2024-08-21,,"['7MqnCTCAX6SsIYYdJCQj9B', '1q4618qKswelCGLoanFKQh']","['Pendulum', 'Joey Valence & Brae']",2024,204.214,3yqirG2PgAhJRpf8o312Ak,FAVORITE BASS 2025,Jimin,
4UQRLiHGpLcQt5O1TyBCie,Nights Like These (with Rag'n'Bone Man),207129,48,[],4jcfyx9nXciFXqyh5zHQ20,RUDIM3NTAL,2025-08-22,,"['4WN5naL3ofxrVBgFpguzKo', '4f9iBmdUOhQWeP7dcAn1pf']","['Rudimental', ""Rag'n'Bone Man""]",2025,207.129,3yqirG2PgAhJRpf8o312Ak,FAVORITE BASS 2025,Jimin,
6Gkum3tDLFXTAUktaV6yh6,Rowdy (BLAOW!),143610,44,"['drum and bass', 'bassline']",6KSL4epV7UWnFKryvdPk3i,Rowdy (BLAOW!),2025-08-15,,"['22I9QWygJ2IfxR855VsA3t', '2654RQ9MP4lxi0PLQY3ig7']","['Hedex', 'Eksman']",2025,143.61,3yqirG2PgAhJRpf8o312Ak,FAVORITE BASS 2025,Jimin,
57EU1kS4ZTbENoPBElk4mL,Driver,207780,46,"['drum and bass', 'dubstep']",0ABVcWFqeuzlCL1feJjPjs,Inertia,2025-08-22,,['7MqnCTCAX6SsIYYdJCQj9B'],['Pendulum'],2025,207.78,3yqirG2PgAhJRpf8o312Ak,FAVORITE BASS 2025,Jimin,
1JkkHpPQuTINGxtMuo8S8Y,Feedback - HIGHSOCIETY Remix,180000,5,"['bass house', 'future house', 'edm', 'electro house', 'big room']",3O2qlWVfSPtoG9tM9nDpD6,Feedback (10 Year Anniversary Remixes),2024-12-20,,"['77AiFEVeAVj2ORpC85QVJs', '3SvCpwSeoWCcjfo8zjPZKB', '6w0JXd2nT27GXVTbsuQ2II', '32MQN2sITkJGNQN40QLPEa']","['Steve Aoki', 'Autoerotique', '3 Are Legend', 'HIGHSOCIETY']",2024,180.0,3yqirG2PgAhJRpf8o312Ak,FAVORITE BASS 2025,Jimin,
1tIYTeCrLtHTbZwmKXh625,Set Me Free,189176,57,"['drum and bass', 'progressive house', 'edm', 'electronica']",1duRCWQVzDQXiM5PVHcXVF,Set Me Free,2025-08-22,,"['60d24wfXkVzDSfLS6hyCjZ', '0ycvq8upLhNmddPdQXhLOy', '7Io0XduXk7aOHFHA7sLru2']","['Martin Garrix', 'Arcando', 'Bonn']",2025,189.176,3yqirG2PgAhJRpf8o312Ak,FAVORITE BASS 2025,Jimin,
4hp4cs1fKConq0Cmr4luW9,All The Things She Said (Culture Shock Version),158620,56,"['trance', 'drum and bass', 'liquid funk']",4iHVL611SiXiIYtgEJbmRS,All The Things She Said (Culture Shock Version),2025-09-12,,"['6lp2VnIRXXpC9Wz7hSX6RE', '2V431yZGG08uroH2CZAgur']","['Culture Shock', 'Sarah de Warren']",2025,158.62,3yqirG2PgAhJRpf8o312Ak,FAVORITE BASS 2025,Jimin,
3jzXUnJxAG8Yqj9IVR8RZx,Original Don,168275,58,"['liquid funk', 'jungle', 'afro r&b', 'afro soul', 'afroswing', 'afropiano', 'afropop', 'bassline', 'drum and bass', 'afrobeat', 'afrobeats']",7Jn24h49ditLNn0I2ePgsL,Original Don,2025-09-19,,"['0QaSiI5TLA4N7mcsdxShDO', '75VKfyoBlkmrJFDqo1o2VY', '17fY0VRyqRgmqI3dHlE1UU']","['Sub Focus', 'Fireboy DML', 'IRAH']",2025,168.275,3yqirG2PgAhJRpf8o312Ak,FAVORITE BASS 2025,Jimin,
3kk6MvNr851qKbyOlT0T0a,Disappear - VIP,204385,32,"['drum and bass', 'jungle', 'bassline']",0x4jP55JBZfWubSnw1pJm9,Disappear (VIP),2025-09-03,,"['1h8wkWuZQKyDiwbLogtoL0', '0zE0NouVo8UxXHQOnhoLO3']","['Mozey', 'WHAT EVA']",2025,204.385,3yqirG2PgAhJRpf8o312Ak,FAVORITE BASS 2025,Jimin,
3GxOVUOw8hwoo1O1NVpcdO,Get A Good Feeling,183448,49,"['drum and bass', 'liquid funk']",6dNMokUQFRKfTYGs6n1Qow,Get A Good Feeling,2025-09-26,,['2IP71LH7CbwddhsEXBI0fy'],['1991'],2025,183.448,3yqirG2PgAhJRpf8o312Ak,FAVORITE BASS 2025,Jimin,
6QNrYR1tHfRF0BVGUt6syc,Close My Eyes,204137,45,"['drum and bass', 'liquid funk', 'drumstep', 'dubstep']",6MsgtkjlZ1URg8w4BqdkeE,Close My Eyes,2025-09-18,,['7GvVTb8yFV0ZrdI30Qce6T'],['Delta Heavy'],2025,204.137,3yqirG2PgAhJRpf8o312Ak,FAVORITE BASS 2025,Jimin,
017erFbOyCrdz0yburnVGZ,you're a star,219130,66,"['house', 'stutter house', 'riot grrrl', 'punk']",3dmu97DsoFpSptXPtJEzCJ,you're a star,2025-10-03,,"['4oLeXFyACqeem2VImYeBFe', '3NqV2DJoAWsjl787bWaHW7']","['Fred again..', 'Amyl and The Sniffers']",2025,219.13,3yqirG2PgAhJRpf8o312Ak,FAVORITE BASS 2025,Jimin,
6oojDIERis4rf8UDPejlNg,Ringtone,142042,44,"['dubstep', 'riddim', 'edm', 'bassline', 'deathstep', 'drum and bass']",4vjx5GK9ZRTU1sJTvqIJuO,MHITR: The Album,2025-10-10,,"['22I9QWygJ2IfxR855VsA3t', '1CXuuw8HJhyN80HlNzvL1e', '3jBkpEV3zrHLO6r2iKZeew']","['Hedex', 'Sullivan King', 'Basslayerz']",2025,142.042,3yqirG2PgAhJRpf8o312Ak,FAVORITE BASS 2025,Jimin,
4lIzYwNqvnyiXVKpln7Xj3,Rhythm & Gash,135675,44,"['drum and bass', 'bassline']",4vjx5GK9ZRTU1sJTvqIJuO,MHITR: The Album,2025-10-10,,['22I9QWygJ2IfxR855VsA3t'],['Hedex'],2025,135.675,3yqirG2PgAhJRpf8o312Ak,FAVORITE BASS 2025,Jimin,
4QHUpF4sNHhcA39DuR9UzZ,Meat Cleaver,218441,37,"['drum and bass', 'jungle', 'bassline']",4vjx5GK9ZRTU1sJTvqIJuO,MHITR: The Album,2025-10-10,,"['22I9QWygJ2IfxR855VsA3t', '4yBjkJ6MdQUxHdWBwTavEm', '1h8wkWuZQKyDiwbLogtoL0']","['Hedex', 'Jman', 'Mozey']",2025,218.441,3yqirG2PgAhJRpf8o312Ak,FAVORITE BASS 2025,Jimin,
2jghrXE1ZFff0vlyrRStxH,MHITR VIP,190642,36,"['drum and bass', 'bassline']",4vjx5GK9ZRTU1sJTvqIJuO,MHITR: The Album,2025-10-10,,"['22I9QWygJ2IfxR855VsA3t', '2654RQ9MP4lxi0PLQY3ig7']","['Hedex', 'Eksman']",2025,190.642,3yqirG2PgAhJRpf8o312Ak,FAVORITE BASS 2025,Jimin,
3FXDzAJ28I5CNC7GWDRn4K,Bring The House Down,222814,47,"['dubstep', 'moombahton', 'bass music', 'edm trap', 'edm', 'electro house']",1mGCOttFr5jHVaJnaSB5PG,Bring The House Down,2025-10-10,,"['540vIaP2JwjQb9dm3aArA4', '5R3Hr2cnCCjt220Jmt2xLf', '1JnzIVfoK5jO7HhyHJuk9A']","['DJ Snake', 'Dillon Francis', 'TRXGGX']",2025,222.814,3yqirG2PgAhJRpf8o312Ak,FAVORITE BASS 2025,Jimin,
5UZIVxzI4UyrSbg3ZLTGTH,fuze,188571,59,"['dubstep', 'bass house', 'electro', 'edm trap', 'edm', 'electronic']",4VDKQrc3Pmzz2jAIK9Ndj2,fuze,2025-10-24,,"['5he5w2lnU9x7JFhnwcekXX', '4zVCMnjw54nkhGHU4e1Pav']","['Skrillex', 'ISOxo']",2025,188.571,3yqirG2PgAhJRpf8o312Ak,FAVORITE BASS 2025,Jimin,
6NBGFq4IKPFrNdyTuRdMe0,Blow My Whistle,201293,30,"['eurodance', 'drum and bass', 'liquid funk']",5teBisQ7BFhfDpn33neh2w,Blow My Whistle,2025-10-16,,"['1QMgre3BHX161ZHtWMUu6S', '76JqkTKxRVKBFabbPiB8g6']","['Dimension', 'DJ Aligator']",2025,201.293,3yqirG2PgAhJRpf8o312Ak,FAVORITE BASS 2025,Jimin,
0tsq2ep6prmyRMEI1niqZv,Adrenaline,155586,51,"['dubstep', 'riddim', 'bass music', 'melodic bass', 'edm', 'rap metal', 'dub', 'deathstep', 'rap rock']",78TPbebDwkSG8BgvCTAiMj,Adrenaline,2025-11-07,,"['5FKchcZpQOkqFvXBj1aCvb', '1CXuuw8HJhyN80HlNzvL1e', '4HrkLxQHZ5mgCtIVpiH5QX']","['Excision', 'Sullivan King', 'From Ashes to New']",2025,155.586,3yqirG2PgAhJRpf8o312Ak,FAVORITE BASS 2025,Jimin,
4hphReh7hXDCFb14FfB7n1,Entwined,220689,60,"['drum and bass', 'art pop', 'liquid funk']",4M45TZxg8HtnBwCDyqOb6B,Entwined,2025-10-31,,"['0QaSiI5TLA4N7mcsdxShDO', '053q0ukIDRgzwTr4vNSwab']","['Sub Focus', 'Grimes']",2025,220.689,3yqirG2PgAhJRpf8o312Ak,FAVORITE BASS 2025,Jimin,
62YgrGZTw1c20Juoy7kFUZ,On Lock,182068,38,"['dubstep', 'riddim', 'bass music', 'deathstep', 'drum and bass', 'drumstep']",1WBMCfa1zj68UBeWS6DLLq,On Lock,2025-10-29,,"['4zymhxzJ0UJc74tMHGyoWs', '4820AP0lvBGJjSK0PXgZgo']","['Dirtyphonics', 'IVORY']",2025,182.068,3yqirG2PgAhJRpf8o312Ak,FAVORITE BASS 2025,Jimin,
1wDdprHMMQZeorzJvNsXOF,Bass Thump,180689,36,"['drum and bass', 'liquid funk']",5YFiSrfcDYSvf8TRkTNabS,Hardest D Style EP,2025-10-17,,['1QMgre3BHX161ZHtWMUu6S'],['Dimension'],2025,180.689,3yqirG2PgAhJRpf8o312Ak,FAVORITE BASS 2025,Jimin,
6C9beIn45G34tT8pQ61ed7,Dominator,173616,40,"['witch house', 'new rave', 'edm trap', 'edm', 'future bass']",1eiskSKjqbbok3hyM9j5hT,Dominator,2025-11-21,,"['5eIbEEQnDM8yuDVB0bimSP', '4ufkY8hmhmYl4aCnzv3dLE']","['RL Grime', 'Deadcrow']",2025,173.616,3yqirG2PgAhJRpf8o312Ak,FAVORITE BASS 2025,Jimin,
2AUVVfU9CmmbWcudIAJ5vD,Silence - Dimension Remix,247586,61,"['trance', 'liquid funk', 'house', 'tech house', 'drum and bass']",7amYzRwBHYed8cgbE3fyKn,Silence (Dimension Remix),2025-11-21,,"['0IUq1plF3ON4Fboj1bE6kN', '4NgNsOXSwIzXlUIJcpnNUp', '7kNqXtgeIwFtelmRjWv205', '1QMgre3BHX161ZHtWMUu6S']","['Delerium', 'Sarah McLachlan', 'John Summit', 'Dimension']",2025,247.586,3yqirG2PgAhJRpf8o312Ak,FAVORITE BASS 2025,Jimin,
0HIpQEomgZmd5Kt1XHa4qu,So Many Colours,227586,55,"['drum and bass', 'liquid funk']",6nF5H5OjJkS0X2WZtUQEXz,So Many Colours,2025-11-14,,"['0QaSiI5TLA4N7mcsdxShDO', '4STmXOXUF3UieHU46NWLVt']","['Sub Focus', 'Poppy Baskcomb']",2025,227.586,3yqirG2PgAhJRpf8o312Ak,FAVORITE BASS 2025,Jimin,
35xMkZ8QgiXQQgSujSzvTP,Substance,226206,51,"['drum and bass', 'liquid funk', 'drumstep', 'dubstep']",0VLtqQTq8jknSNAHmWPeog,Substance,2025-11-13,,['7GvVTb8yFV0ZrdI30Qce6T'],['Delta Heavy'],2025,226.206,3yqirG2PgAhJRpf8o312Ak,FAVORITE BASS 2025,Jimin,
7jIIaLkLcxyn9z2GvQi1Se,Elevate,193103,67,"['drum and bass', 'liquid funk']",06z3wshQtpYwZnDoVle3pw,Contact,2025-11-21,,['0QaSiI5TLA4N7mcsdxShDO'],['Sub Focus'],2025,193.103,3yqirG2PgAhJRpf8o312Ak,FAVORITE BASS 2025,Jimin,
7aDEbPXBdGXjwp9DQKN6B1,Believe Again (I Found U),166896,49,"['drum and bass', 'edm', 'jungle']",38TeLB23wJIwq32bvm0Tq4,Believe Again (I Found U),2025-11-14,,"['75HK7rgkmDMTnWwwmcN53N', '1xNmvlEiICkRlRGqlNFZ43', '5U1SD4dkb35G7e1JVdqkWJ']","['Andy C', 'Axwell', 'Max C']",2025,166.896,3yqirG2PgAhJRpf8o312Ak,FAVORITE BASS 2025,Jimin,
3VkA16jPKWOs7BIU5AWjyb,No Comment,124137,60,"['drum and bass', 'liquid funk']",5jMW8JRRvthPDR7qQLNMqb,No Comment,2025-11-18,,"['1ZVACPeq7ccGCoUXwtafUU', '0QaSiI5TLA4N7mcsdxShDO']","['KNEECAP', 'Sub Focus']",2025,124.137,3yqirG2PgAhJRpf8o312Ak,FAVORITE BASS 2025,Jimin,
3sZky3MDf3hY6ZTO94gWbe,Candy Shop Remix (feat. Olivia),186947,52,"['dubstep', 'riddim', 'bass house', 'edm', 'deathstep']",2hZMNkORYtip8Avb4wtqeZ,Candy Shop Remix (feat. Olivia),2025-12-12,,"['5lCekoJW9jNq01B1wiqdAb', '5YBSzuCs7WaFKNr7Bky0Uf']","['Crankdat', 'Olivia']",2025,186.947,3yqirG2PgAhJRpf8o312Ak,FAVORITE BASS 2025,Jimin,
1mPhGJJd1uH372y2UATIJo,Droid,215172,40,"['dubstep', 'riddim', 'bass music', 'deathstep', 'drum and bass', 'drumstep']",0JJvYBZOCxvBJCdTKuoD3i,Droid,2025-12-15,,['4zymhxzJ0UJc74tMHGyoWs'],['Dirtyphonics'],2025,215.172,3yqirG2PgAhJRpf8o312Ak,FAVORITE BASS 2025,Jimin,
0299EQPlyhqukgkYl7jX91,Lost Tonight,179310,56,"['drum and bass', 'liquid funk', 'bassline']",27u7XyaGw0OqvpgBrhH84V,Lost Tonight,2025-12-04,,"['1KiNUGL3r0GgyLwqYCY1yV', '0ycvq8upLhNmddPdQXhLOy', '5EdogtWIzqFv45sdk6ePZH']","['Kanine', 'Arcando', 'HEIGHTS']",2025,179.31,3yqirG2PgAhJRpf8o312Ak,FAVORITE BASS 2025,Jimin,
1xD3u3ZMWa8H8T4HdmtcQf,Roll Too Deep (feat. Subsonic),226206,57,"['drum and bass', 'liquid funk', 'bassline']",06z3wshQtpYwZnDoVle3pw,Contact,2025-11-21,,"['0QaSiI5TLA4N7mcsdxShDO', '4D6frglSGSAHoK7W5rp92j']","['Sub Focus', 'Subsonic']",2025,226.206,3yqirG2PgAhJRpf8o312Ak,FAVORITE BASS 2025,Jimin,
