track_id,track_name,track_duration_ms,track_popularity,track_genres,album_id,album_name,album_release_date,album_label,artist_ids,artist_names,release_year,track_duration_sec,source_playlist_id
2aJwlohnHuKWIUK8UntETK,Toulouse,365625,50,"['electro house', 'edm', 'big room', 'progressive house']",2jfc1YtzBJMPXOtGoFa4cp,Miami 2012 (Mixed by MYNC & Nicky Romero),2012-02-20,,['5ChF3i92IPZHduM7jN3dpg'],['Nicky Romero'],2012.0,365.625,67PaYmoZUrRaSXaWEIJglP
1QrwhCe2tKe9V4jptUDSYN,Noise,293598,22,"['melbourne bounce', 'big room']",4amfQCgoD9x1QL6WwRM5Vs,Noise,2013-10-21,,['6d7AYr4nvqHPhfPaDLLeRU'],['Qulinez'],2013.0,293.598,67PaYmoZUrRaSXaWEIJglP
0JhKJg5ejeQ8jq89UQtnw8,Levels - Radio Edit,199903,14,['edm'],4mkvtXQd6rD7zuAHhexEvb,Levels,2011-10-28,,['1vCWHaC5f2uS3yhpwWbIA6'],['Avicii'],2011.0,199.903,67PaYmoZUrRaSXaWEIJglP
0nrRP2bk19rLc0orkWPQk2,Wake Me Up,247426,89,['edm'],2H6i2CrWgXE1HookLu8Au0,True,2013-01-01,,['1vCWHaC5f2uS3yhpwWbIA6'],['Avicii'],2013.0,247.426,67PaYmoZUrRaSXaWEIJglP
6YUTL4dYpB9xZO5qExPf05,Summer,222533,88,['edm'],48zisMeiXniWLzOQghbPqS,Motion,2014-10-31,,['7CajNmpbOovFoOoasH2HaY'],['Calvin Harris'],2014.0,222.533,67PaYmoZUrRaSXaWEIJglP
6PtXobrqImYfnpIxNsJApa,Bad (feat. Vassy) - Radio Edit,170625,66,"['big room', 'electronica', 'dance', 'hardstyle', 'edm']",6CvEd1L1KJZ8g3wIwCZYvF,Bad (feat. Vassy) [Radio Edit],2014-04-06,,"['1Cs0zKBU1kc0i8ypK3B9ai', '3gk0OYeLFWYupGFRHqLSR7', '7HqEmV7FeCi16bQyHMpIrF']","['David Guetta', 'Showtek', 'VASSY']",2014.0,170.625,67PaYmoZUrRaSXaWEIJglP
0gpvO8fKvZcQ4u54rdu469,Tremor - Sensation 2014 Anthem,294374,66,"['electro', 'big room', 'electronica', 'progressive house', 'edm']",5s8DgmyHC90Picekp9DOWJ,Tremor (Sensation 2014 Anthem),2014-05-05,,"['73jBynjsVtofjRpdpRAJGk', '60d24wfXkVzDSfLS6hyCjZ', '2HkAI0YrEcgoR8QdaURqhO']","['Dimitri Vegas & Like Mike', 'Martin Garrix', 'Dimitri Vegas']",2014.0,294.374,67PaYmoZUrRaSXaWEIJglP
0TbDqyJpZl3juUteFEusQD,Stay The Night - Featuring Hayley Williams Of Paramore / Zedd & Kevin Drew Remix,244160,36,"['edm', 'art pop']",5dvRLEt9UKRlLg1EIdsJHY,Stay The Night (Remixes Featuring Hayley Williams Of Paramore),2014-01-01,,"['2qxJFvFYMEDqd7ui6kSAcq', '6Rx1JKzBrSzoKQtmbVmBnM', '7BH45zw1gWfcjo42gnDJ1D']","['Zedd', 'Hayley Williams', 'Kevin Drew']",2014.0,244.16,67PaYmoZUrRaSXaWEIJglP
2E01JGJGMa5gW1PmqAWYXG,Overtime,246447,48,['edm'],5lLQIsKacRMQwp4tfrocjh,Overtime EP,2013-10-29,,['1LOB7jTeEV14pHai6EXSzF'],['Cash Cash'],2013.0,246.447,67PaYmoZUrRaSXaWEIJglP
2BYlNray5xQe3GE48gRJ29,Overtime - Vicetone Remix Edit,203095,12,['edm'],2Dd7At3Lj9zC71URBUS7bO,EDMXXL The Best of Vicetone,2016-01-18,,"['1LOB7jTeEV14pHai6EXSzF', '0daugAjUgbJSqdlyYNwIbT']","['Cash Cash', 'Vicetone']",2016.0,203.095,67PaYmoZUrRaSXaWEIJglP
46lFttIf5hnUZMGvjK0Wxo,Runaway (U & I),227073,80,[],4QcXq4vTVN7dFb7bZa9jG2,Pharmacy,2015-06-05,,['4sTQVOfp9vEMCemLw50sbu'],['Galantis'],2015.0,227.073,67PaYmoZUrRaSXaWEIJglP
4J7CKHCF3mdL4diUsmW8lq,Under Control (feat. Hurts),184280,77,['edm'],48zisMeiXniWLzOQghbPqS,Motion,2014-10-31,,"['7CajNmpbOovFoOoasH2HaY', '4AVFqumd2ogHFlRbKIjp1t', '3w4VAlllkAWI6m0AV0Gn6a']","['Calvin Harris', 'Alesso', 'Hurts']",2014.0,184.28,67PaYmoZUrRaSXaWEIJglP
2P4OICZRVAQcYAV2JReRfj,Waiting For Love,230613,84,['edm'],7dqftJ3kas6D0VAdmt3k3V,Stories,2015-10-02,,['1vCWHaC5f2uS3yhpwWbIA6'],['Avicii'],2015.0,230.613,67PaYmoZUrRaSXaWEIJglP
5GjnIpUlLGEIYk052ISOw9,This Is What It Feels Like,204360,76,"['electronica', 'trance', 'progressive house', 'progressive trance', 'edm']",5ZsK5SUsZilbAJ4B0vRVxF,Intense,2013-05-03,,"['0SfsnGyD8FpIN4U4WCkBZ5', '6NXk2pLFocS2OkNdT7ncBt']","['Armin van Buuren', 'Trevor Guthrie']",2013.0,204.36,67PaYmoZUrRaSXaWEIJglP
2ldAdghnrO34HPcZ0IWfTu,Ten Feet Tall,229149,64,"['big room', 'edm']",7G1441qDQeERZDyMipQPE8,Forget The World (Deluxe),2014-01-01,,"['4D75GcNG95ebPtNvoNVXhz', '7r2uG6BlFXKcwmh9ItqlII']","['AFROJACK', 'Wrabel']",2014.0,229.149,67PaYmoZUrRaSXaWEIJglP
5L2l7mI8J1USMzhsmdjat9,Red Lights,262200,71,"['big room', 'house', 'trance', 'dance', 'edm']",4SHlBT6B3kL8bdj6X2xHRp,A Town Called Paradise,2014-06-13,,['2o5jDhtHVPhrJdv3cEQ99Z'],['Tiësto'],2014.0,262.2,67PaYmoZUrRaSXaWEIJglP
6TbWMguK2LSnEHzS3gVa9T,Follow Me,200028,0,"['electronica', 'edm', 'big room', 'progressive house']",0ZZSo8nObNWR7fTyRZARez,United We Are,2015-01-23,,"['6BrvowZBreEkXzJQMpL174', '07YZf4WDAMNwqr4jfgOZ8y']","['Hardwell', 'Jason Derulo']",2015.0,200.028,67PaYmoZUrRaSXaWEIJglP
1MlAkYV0nbRKWhhfvTt3zc,Don't You Worry Child - Radio Edit,213168,44,['edm'],2OW1FFaG8vgbRl0WilKz1B,Until Now,2012-01-01,,"['1h6Cn3P4NGzXbaXidqURXs', '2auikkNYqigWStoHWK1Grq']","['Swedish House Mafia', 'John Martin']",2012.0,213.168,67PaYmoZUrRaSXaWEIJglP
5jyUBKpmaH670zrXrE0wmO,Reload - Radio Edit,221272,71,['edm'],2UgmfoJF7x7cQmWADnoQdG,Reload (Vocal Version / Radio Edit),2013-01-01,,"['6hyMWrxGBsOx6sWcVj1DqP', '1tBU8jUEdVR3mqSsAqEGfD', '2auikkNYqigWStoHWK1Grq']","['Sebastian Ingrosso', 'Tommy Trash', 'John Martin']",2013.0,221.272,67PaYmoZUrRaSXaWEIJglP
69zxj1EFDfAouZu9JDmQld,Secrets - Radio Edit,216967,61,"['big room', 'slap house', 'house', 'electronica', 'trance', 'dance', 'edm']",4p3CULd5VeCSikL0PYkoP3,Secrets (Radio Edit),2015-04-03,,"['2o5jDhtHVPhrJdv3cEQ99Z', '2wX6xSig4Rig5kZU6ePlWe', '7HqEmV7FeCi16bQyHMpIrF']","['Tiësto', 'KSHMR', 'VASSY']",2015.0,216.967,67PaYmoZUrRaSXaWEIJglP
76fqWMe0buqQoaNTIbLWmr,Mammoth,332289,7,"['electronica', 'electro', 'big room', 'edm']",4H0bjkai5WPp6Y5oLpk2iv,Mammoth,2013-03-19,,"['73jBynjsVtofjRpdpRAJGk', '4xgFgBZ7CRtgtHcziClOwQ']","['Dimitri Vegas & Like Mike', 'MOGUAI']",2013.0,332.289,67PaYmoZUrRaSXaWEIJglP
4O799OM270z43L7pKzNqrt,We Like to Party - Original Mix,280990,52,"['hardstyle', 'electronica', 'big room', 'edm']",4uMuXdihVpcYnO8LF6GbXx,We Like to Party,2013-12-30,,['3gk0OYeLFWYupGFRHqLSR7'],['Showtek'],2013.0,280.99,67PaYmoZUrRaSXaWEIJglP
4soJPaN3etpZC72tHZztw3,Flashlight,232500,55,"['electro house', 'melbourne bounce', 'edm', 'slap house']",57zTr9eQz0d6JqRnHpcCBQ,Flashlight,2014-03-24,,"['6cEuCEZu7PAE9ZSzLLc2oQ', '6VD4UEUPvtsemqD3mmTqCR']","['R3HAB', 'Deorro']",2014.0,232.5,67PaYmoZUrRaSXaWEIJglP
51wkApQ7le2JWcFGLz84mr,Turn Up The Speakers,343129,45,"['electronica', 'big room', 'edm', 'progressive house']",1UZYYRkjn11x2mKROMeAYG,Turn Up The Speakers,2014-09-08,,"['4D75GcNG95ebPtNvoNVXhz', '60d24wfXkVzDSfLS6hyCjZ']","['AFROJACK', 'Martin Garrix']",2014.0,343.129,67PaYmoZUrRaSXaWEIJglP
51lNSgccz20lC4CCATJejy,Sally,277558,39,"['big room', 'electronica', 'deep house', 'progressive house', 'edm']",0ZZSo8nObNWR7fTyRZARez,United We Are,2015-01-23,,"['6BrvowZBreEkXzJQMpL174', '58O8UPrTdl4u2buM0skj94']","['Hardwell', 'Harrison']",2015.0,277.558,67PaYmoZUrRaSXaWEIJglP
6Yis2VwVcABCNVEutLgAf7,How We Party,211875,56,"['melbourne bounce', 'big room', 'edm', 'slap house']",3kA25T4kY1AwFVrLDJCzLE,How We Party,2014-08-15,,"['6cEuCEZu7PAE9ZSzLLc2oQ', '4mrBetqy378Jf1y6NLszlx']","['R3HAB', 'VINAI']",2014.0,211.875,67PaYmoZUrRaSXaWEIJglP
7vKfym6hgeJxxyyVpiXBBX,Animals,303040,1,"['electronica', 'edm', 'progressive house']",3ZjQrlQwectSpi9se2GGHM,Animals,,,['60d24wfXkVzDSfLS6hyCjZ'],['Martin Garrix'],,303.04,67PaYmoZUrRaSXaWEIJglP
6dMHdkQmWuDuDltWjBLJBd,Karate,210000,52,"['electronica', 'big room', 'edm', 'slap house']",2d08mANNHmeIsJLnbqE6NU,Karate,2014-12-29,,"['6cEuCEZu7PAE9ZSzLLc2oQ', '2wX6xSig4Rig5kZU6ePlWe']","['R3HAB', 'KSHMR']",2014.0,210.0,67PaYmoZUrRaSXaWEIJglP
1jTKIuhvCHygnnY4QnUvyv,Louder - Radio Edit,153784,52,"['electro', 'big room', 'slap house', 'electronica', 'melbourne bounce', 'edm']",7IdKpXiJU049bx6jqbERFc,Louder,2015-02-13,,"['73jBynjsVtofjRpdpRAJGk', '4mrBetqy378Jf1y6NLszlx']","['Dimitri Vegas & Like Mike', 'VINAI']",2015.0,153.784,67PaYmoZUrRaSXaWEIJglP
6Wn8IWKu9DmkSlAdQBkihy,Blaze,178124,0,"['electro house', 'progressive house', 'big room', 'edm']",5TkPkBikzWsLa4HcfH9rOf,Blaze,2016-06-06,,['1PFc84GHTYPL0G12JHh9Mc'],['Dannic'],2016.0,178.124,67PaYmoZUrRaSXaWEIJglP
7cuRgdYlesmnGmVaZwhkda,Rave After Rave,161953,51,"['edm', 'big room']",41V55bmGvx8iRO38sl2d6W,Rave After Rave,2015-03-16,,['2rTo8KIkBTFjQS7VvaKYQ4'],['W&W'],2015.0,161.953,67PaYmoZUrRaSXaWEIJglP
2o14Vlk8DjSfBGx8WEEOoy,Booyah (feat. We Are Loud & Sonny Wilson),311211,0,"['hardstyle', 'electronica', 'big room', 'edm']",18pCTQW1mXMxnzG9NEp9Ug,Booyah,2013-11-13,,"['3gk0OYeLFWYupGFRHqLSR7', '3gTl4XARdQR2Sy59osG0Ia', '2INDI0xc49oGYTZC7fBZjX']","['Showtek', 'Sonny Wilson', 'We Are Loud']",2013.0,311.211,67PaYmoZUrRaSXaWEIJglP
4f3NHOxgC8Bg21IJBg4cZ3,Freaks - Radio Edit,169160,15,"['melbourne bounce', 'big room']",2XuqIiYNrr15UYsmll2B3z,Freaks,2014-03-10,,"['0CbeG1224FS58EUx4tPevZ', '1GbrJTB56Xs4XQGlmVbaCf']","['Timmy Trumpet', 'Savage']",2014.0,169.16,67PaYmoZUrRaSXaWEIJglP
0vZCG0H9KhtU7K8MEUVAoV,Tsunami,236706,70,"['electronica', 'big room', 'edm']",7p38vlEZaMNySKQVSSWUm8,Tsunami,2013-09-02,,"['5X4LWwbUFNzPkEas04uU82', '4uiMn2g0pgTrhN096QJhbp']","['DVBBS', 'Borgeous']",2013.0,236.706,67PaYmoZUrRaSXaWEIJglP
52zeJeJrFqKmJBc4FK6767,Ocarina,294880,42,"['electronica', 'electro', 'big room', 'edm']",6Zx2x056mvHEI6A48g72Jp,Ocarina,2015-04-04,,"['73jBynjsVtofjRpdpRAJGk', '74ycentHh1YZrW5x4PLnox']","['Dimitri Vegas & Like Mike', 'Wolfpack']",2015.0,294.88,67PaYmoZUrRaSXaWEIJglP
07nH4ifBxUB4lZcsf44Brn,Blame (feat. John Newman),212960,84,['edm'],48zisMeiXniWLzOQghbPqS,Motion,2014-10-31,,"['7CajNmpbOovFoOoasH2HaY', '34v5MVKeQnIo0CWYMbbrPf']","['Calvin Harris', 'John Newman']",2014.0,212.96,67PaYmoZUrRaSXaWEIJglP
7MmG8p0F9N3C4AXdK6o6Eb,Outside (feat. Ellie Goulding),227266,89,['edm'],48zisMeiXniWLzOQghbPqS,Motion,2014-10-31,,"['7CajNmpbOovFoOoasH2HaY', '0X2BH1fck6amBIoJhDVmmJ']","['Calvin Harris', 'Ellie Goulding']",2014.0,227.266,67PaYmoZUrRaSXaWEIJglP
2rgtCOVK2tpfao2VjURn84,Lovers on the Sun (feat. Sam Martin),203520,74,"['dance', 'edm']",77UW17CZFyCaRLHdHeofZu,Listen,2014-11-10,,"['1Cs0zKBU1kc0i8ypK3B9ai', '66AE89GQTx88zLYhXn1wFK']","['David Guetta', 'Sam Martin']",2014.0,203.52,67PaYmoZUrRaSXaWEIJglP
7vcXWUS5ML6dJ3nkvSc9aR,Gold Skies (feat. Aleesia),329067,53,"['electronica', 'progressive house', 'big room', 'edm']",0dCEAJtX9VHBCXms2vgKfT,Gold Skies (feat. Aleesia),2014-06-16,,"['22bukBZvUppuwQwmDz75Gz', '60d24wfXkVzDSfLS6hyCjZ', '5X4LWwbUFNzPkEas04uU82', '1KV1BqrUpebQPqVU2r89xc']","['Sander van Doorn', 'Martin Garrix', 'DVBBS', 'Aleesia']",2014.0,329.067,67PaYmoZUrRaSXaWEIJglP
4b2tcjrG1qUkSdsqEFP2dB,Sun Is Shining,254653,71,['edm'],6Ei5WWek37m1x9AjpSXTcJ,More Than You Know,2017-07-28,,"['2XnBwblw31dfGnspMIwgWz', '1xNmvlEiICkRlRGqlNFZ43', '6hyMWrxGBsOx6sWcVj1DqP']","['Axwell /\\ Ingrosso', 'Axwell', 'Sebastian Ingrosso']",2017.0,254.653,67PaYmoZUrRaSXaWEIJglP
6rmtT7Y8cH7NpvovoPiV6k,Rude - Zedd Remix,273230,56,['edm'],4QLBuRlKOxUPE9BqIdHQyf,Rude (Zedd Remix),2014-09-02,,"['0DxeaLnv6SyYk2DOqkLO8c', '2qxJFvFYMEDqd7ui6kSAcq']","['MAGIC!', 'Zedd']",2014.0,273.23,67PaYmoZUrRaSXaWEIJglP
2ISSQPb9LHHiV6ng2NXosL,Beautiful Now,218293,73,['edm'],4jKdXIJckKh7la6xHuKwRT,True Colors,2015-05-15,,"['2qxJFvFYMEDqd7ui6kSAcq', '50JJSqHUf2RQ9xsHs0KMHg']","['Zedd', 'Jon Bellion']",2015.0,218.293,67PaYmoZUrRaSXaWEIJglP
0ct6r3EGTcMLPtrXHDvVjc,The Nights,176658,87,['edm'],0h2knr6qpiAq0tV5ri5JMF,The Days / Nights,2014-01-01,,['1vCWHaC5f2uS3yhpwWbIA6'],['Avicii'],2014.0,176.658,67PaYmoZUrRaSXaWEIJglP
2Kl1E3NdbzT7vVi93TffoX,Pompeii - Audien Remix,352968,53,"['progressive house', 'edm']",4QJKyqHqUUBWEGYD7wekvU,Pompeii (Audien Remix),2014-01-01,,"['7EQ0qTo7fWT7DPxmxtSYEc', '4xnMDfgEmXZEEDdITKcGuE']","['Bastille', 'Audien']",2014.0,352.968,67PaYmoZUrRaSXaWEIJglP
3ScJy88F8KqGDfWu8XJhHx,If I Lose Myself - Alesso vs OneRepublic,215186,75,"['soft pop', 'edm']",42UJjk8i8L0De7lQtu7sqi,Native,2014-01-01,,"['5Pwc4xIPtQLFEnJriah9YJ', '4AVFqumd2ogHFlRbKIjp1t']","['OneRepublic', 'Alesso']",2014.0,215.186,67PaYmoZUrRaSXaWEIJglP
4UutBLYMby6whu2bMYh9Oa,L'amour toujours (feat. Delaney Jane) - Tiësto Edit,162461,61,"['big room', 'house', 'trance', 'dance', 'edm']",7xHel31VzvhY5VoPFCiq6g,L'amour toujours (feat. Delaney Jane) [Tiësto Edit],2015-09-22,,"['5Ip2ecnyGpNyZvPuuYU8Ai', '3fuxStOqQv8TiytHeuGiE8', '2o5jDhtHVPhrJdv3cEQ99Z']","['Dzeko & Torres', 'Delaney Jane', 'Tiësto']",2015.0,162.461,67PaYmoZUrRaSXaWEIJglP
2aTAk8fQ0Hc5lIRkzudyxl,The Only Way Is Up,290629,37,"['big room', 'house', 'electronica', 'trance', 'dance', 'progressive house', 'edm']",7uRMRN3i207cnrLWzJIfRE,The Only Way Is Up,2015-12-11,,"['60d24wfXkVzDSfLS6hyCjZ', '2o5jDhtHVPhrJdv3cEQ99Z']","['Martin Garrix', 'Tiësto']",2015.0,290.629,67PaYmoZUrRaSXaWEIJglP
3ETdQhTQrwUPR2byMq3PcW,I Found Your Heart (feat. Emeni),204094,22,"['progressive house', 'big room', 'edm']",50hX4uEIaSksFTLfIaHX5p,I Found Your Heart (feat. Emeni),,,"['3XINWZaloea97SIRiyTJxX', '1D8yrW3hXeH45n9vYI0tY5']","['DubVision', 'Emeni']",,204.094,67PaYmoZUrRaSXaWEIJglP
6ulV6BN8zJe3t9JyvaEAsT,The One,148738,43,"['edm', 'big room']",2Ce207DBtIEFQjKU75Dnh2,The One,2015-06-29,,['2rTo8KIkBTFjQS7VvaKYQ4'],['W&W'],2015.0,148.738,67PaYmoZUrRaSXaWEIJglP
0t4ME6AIxRIUYWvywrj0wd,United We Dance - Radio Edit,202718,0,['edm'],2A9cBnAt5yjxbcmWhXfWut,United We Dance (Radio Edit),2014-11-03,,['0daugAjUgbJSqdlyYNwIbT'],['Vicetone'],2014.0,202.718,67PaYmoZUrRaSXaWEIJglP
5yR26TumS74yhIOGhn8Hs8,Payback,349489,47,"['progressive house', 'big room', 'edm']",2BoVLp1bG7rLETC2roj2kX,Payback,2015-02-16,,"['10hGPIDZi33LRaYRIq3Bh4', '4FqPRilb0Ja0TKG3RS3y4s']","['Dimitri Vangelis & Wyman', 'Steve Angello']",2015.0,349.489,67PaYmoZUrRaSXaWEIJglP
2M8hogIUDLzlx3ac9yTiAI,Calling (Lose My Mind) - Extended Club Mix,375400,43,['edm'],1QL4aGJ6SwMK94EEf8Kdhc,Calling (Lose My Mind),2012-01-01,,"['6hyMWrxGBsOx6sWcVj1DqP', '4AVFqumd2ogHFlRbKIjp1t', '4we5S2VLjgY9KzIzApL1KI']","['Sebastian Ingrosso', 'Alesso', 'Ryan Tedder']",2012.0,375.4,67PaYmoZUrRaSXaWEIJglP
6EsH66Uto1zwZlDGQ6RokU,Forbidden Voices,230634,62,"['electronica', 'edm', 'progressive house']",3COyh97TYskmV4cOqPed49,Forbidden Voices,2015-02-23,,['60d24wfXkVzDSfLS6hyCjZ'],['Martin Garrix'],2015.0,230.634,67PaYmoZUrRaSXaWEIJglP
12MqM3S0fTvR6X4Jt1Xvn6,Until You Were Gone,215624,54,"['progressive house', 'edm', 'progressive trance']",57xpW4q7DYWh7pWzrJ7dK0,Until You Were Gone,2015-09-18,,"['69GGBxA162lTqCwzJG5jLp', '521qvhdobR0GzhvU6TFw76', '1oKdM70mJD8VvDOTKeS8t1']","['The Chainsmokers', 'Tritonal', 'Emily Warren']",2015.0,215.624,67PaYmoZUrRaSXaWEIJglP
3zU9rdflI65tK4dkkNSp77,Heroes (we could be),210013,77,['edm'],0tRVSbmOwilUucqjzU0fQw,Forever,2015-05-22,,"['4AVFqumd2ogHFlRbKIjp1t', '4NHQUGzhtTLFvgF5SZesLK']","['Alesso', 'Tove Lo']",2015.0,210.013,67PaYmoZUrRaSXaWEIJglP
1JDIArrcepzWDTAWXdGYmP,I Want You To Know,240000,71,['edm'],4jKdXIJckKh7la6xHuKwRT,True Colors,2015-05-15,,"['2qxJFvFYMEDqd7ui6kSAcq', '0C8ZW7ezQVs4URX5aX7Kqx']","['Zedd', 'Selena Gomez']",2015.0,240.0,67PaYmoZUrRaSXaWEIJglP
4yTeQK2XThWYeEW8D72XmU,Dear Boy,479333,56,['edm'],2H6i2CrWgXE1HookLu8Au0,True,2013-01-01,,['1vCWHaC5f2uS3yhpwWbIA6'],['Avicii'],2013.0,479.333,67PaYmoZUrRaSXaWEIJglP
7qt78Jk9GNvFCYoTQSmC0q,Colors - Extended Mix,307500,9,"['big room', 'house', 'electronica', 'trance', 'dance', 'progressive house', 'edm']",3J2kE9mFXs4bqny2OMm89p,United We Are (Extended Deluxe Edition),2015-01-23,,"['6BrvowZBreEkXzJQMpL174', '2o5jDhtHVPhrJdv3cEQ99Z', '5kW2ng5av985BfqrOMRpk0']","['Hardwell', 'Tiësto', 'Andreas Moe']",2015.0,307.5,67PaYmoZUrRaSXaWEIJglP
6wslXVrCxc7NzEN9nXosJ3,Don't Stop The Madness - Album Extended Mix,299076,11,"['electronica', 'edm', 'big room', 'progressive house']",3J2kE9mFXs4bqny2OMm89p,United We Are (Extended Deluxe Edition),2015-01-23,,"['6BrvowZBreEkXzJQMpL174', '2rTo8KIkBTFjQS7VvaKYQ4', '15GGbJKqC6w0VYyAJtjej6']","['Hardwell', 'W&W', 'Fatman Scoop']",2015.0,299.076,67PaYmoZUrRaSXaWEIJglP
5lByoyTJti3jYo22bLQKOH,Burnin,234773,48,"['edm', 'slap house']",48zisMeiXniWLzOQghbPqS,Motion,2014-10-31,,"['7CajNmpbOovFoOoasH2HaY', '6cEuCEZu7PAE9ZSzLLc2oQ']","['Calvin Harris', 'R3HAB']",2014.0,234.773,67PaYmoZUrRaSXaWEIJglP
7LdTalCN5cwD2XHTzuYufv,Raise Your Hands - Radio Edit,266142,2,"['edm', 'big room']",4B0E4mJA0NB9kZ2mayW3eY,Raise Your Hands (Radio Edit),,,['7e1BNCygl2Gf7CX8LrByPv'],['Ummet Ozcan'],,266.142,67PaYmoZUrRaSXaWEIJglP
3m4vB0q02q4xvBenENEkLw,No Heroes (feat. Luciana),245002,48,"['future house', 'big room', 'slap house', 'electronica', 'melbourne bounce', 'electro house', 'edm']",0o5FMj2LepZb7fZ6CNAxe3,No Heroes (feat. Luciana),2014-09-05,,"['53YSn9tHwGJ6bq5P0gGoYo', '2wX6xSig4Rig5kZU6ePlWe', '4ugGMtXC28CVR5hlYJy9wV']","['Firebeatz', 'KSHMR', 'Luciana']",2014.0,245.002,67PaYmoZUrRaSXaWEIJglP
076jREnPu9sinABTfdw9Xi,Calabria - Firebeatz Remix,221250,1,"['electro house', 'edm', 'future house', 'big room']",6mhzvpz4HEmj9fSPFGRMoc,Calabria (Firebeatz Remix),2014-10-27,,"['32ejcIBfk6cbs473H0LlBE', '53YSn9tHwGJ6bq5P0gGoYo']","['Rune RK', 'Firebeatz']",2014.0,221.25,67PaYmoZUrRaSXaWEIJglP
2k0waIY8BXP3kakHgwwHaC,Voodoo - Original Mix,273832,0,"['electronica', 'future house', 'big room', 'edm']",5RAG02f5Yk7BVko23RL4BT,EDMXXL The Best of DVBBS,2016-01-18,,"['5X4LWwbUFNzPkEas04uU82', '12SPNXi0aDpFt0rMVbmLrr']","['DVBBS', 'Jay Hardway']",2016.0,273.832,67PaYmoZUrRaSXaWEIJglP
1CT9ebtobcouQw7G9mZ9AV,Helicopter - Video Edit,206449,52,"['future house', 'big room', 'electronica', 'progressive house', 'electro house', 'edm']",2vVYOsPwDIDRigcmvqDlRF,Helicopter (Video Edit),2014-03-10,,"['60d24wfXkVzDSfLS6hyCjZ', '53YSn9tHwGJ6bq5P0gGoYo']","['Martin Garrix', 'Firebeatz']",2014.0,206.449,67PaYmoZUrRaSXaWEIJglP
55rHrbCJdcjw7sCOWpYVt5,Move - Showtek Radio Edit,190602,27,"['bass house', 'future house', 'big room', 'electronica', 'hardstyle', 'electro house', 'edm']",2JYO2igLvRbxp0DcY702xs,Move (Showtek Edit),2015-04-20,,"['6eUtrZgzxqbV7zMxzN3Sz2', '3gk0OYeLFWYupGFRHqLSR7']","['twoloud', 'Showtek']",2015.0,190.602,67PaYmoZUrRaSXaWEIJglP
2w6M0lfuDVB5eWxm5L3rnC,Big Bang - 2015 Life In Color Anthem; Radio Edit,190429,35,"['edm', 'big room']",2VcI5AotBrZ0psLXLVlajC,Big Bang (2015 Life In Color Anthem; Radio Edit),2015-04-27,,"['4uiMn2g0pgTrhN096QJhbp', '4JprKwueQv8ws3n7N8BLVC']","['Borgeous', 'SOLANO']",2015.0,190.429,67PaYmoZUrRaSXaWEIJglP
4FVcGYFGstfGbL4aZZkqIc,Dead Mans Hand,255000,37,"['electronica', 'edm', 'big room', 'slap house']",6Ge0sTvsG2N3QfBCxt4eIM,Dead Mans Hand,2015-02-09,,['2wX6xSig4Rig5kZU6ePlWe'],['KSHMR'],2015.0,255.0,67PaYmoZUrRaSXaWEIJglP
08ZcJN45zSSzemGG6FirCv,All Night,258750,34,['future house'],3BRCBoAKHHifKhxSTFm74j,All Night,2015-03-23,,"['2vVNxGBvKRQMWwI5c8KmYh', '2PJ1vRlkfKUxNzkNqYlalv']","['Tujamo', 'Jacob Plant']",2015.0,258.75,67PaYmoZUrRaSXaWEIJglP
69JBtHvvmGPdMOZEKXxLci,Beast,296359,23,"['progressive house', 'big room', 'edm']",1LltHjdnzyMQl4cLuVEhGV,Beast,2014-07-28,,"['1XLjkBxFokuDTlHt0mQkRe', '4uiMn2g0pgTrhN096QJhbp']","['Thomas Gold', 'Borgeous']",2014.0,296.359,67PaYmoZUrRaSXaWEIJglP
1Q4jb2UjtWUDUojHsB8mLY,Split (Only U),256640,61,"['big room', 'house', 'trance', 'dance', 'edm']",0WTYsW1iJz4NQqdclJ4gcd,Split (Only U),2015-09-14,,"['2o5jDhtHVPhrJdv3cEQ99Z', '69GGBxA162lTqCwzJG5jLp']","['Tiësto', 'The Chainsmokers']",2015.0,256.64,67PaYmoZUrRaSXaWEIJglP
5AdIEMVaS9pZEE6is0mdqm,Bigfoot,175312,44,"['edm', 'big room']",2K1Xt4CF4p2ruVJXLOyiJG,Bigfoot,2014-02-24,,['2rTo8KIkBTFjQS7VvaKYQ4'],['W&W'],2014.0,175.312,67PaYmoZUrRaSXaWEIJglP
5LlwfoQVDwDWax3PoEjAI5,Pump This Party,273750,28,"['progressive house', 'future house', 'big room']",0z4JefjnG8VSh0mBi7SSiD,Pump This Party,2015-01-09,,['629Fs7UJp6tWqOYZi8t8ET'],['Alpharock'],2015.0,273.75,67PaYmoZUrRaSXaWEIJglP
4WgM2becr135oJ7DfVNaCd,Booty Bounce - Radio Edit,200760,53,[],3LpjFZrch659XgR4uLLTkf,Booty Bounce (Radio Edit),2015-04-17,,['2vVNxGBvKRQMWwI5c8KmYh'],['Tujamo'],2015.0,200.76,67PaYmoZUrRaSXaWEIJglP
3iLzyDMXB7QXX2RjtmJFOn,Proxy,279384,55,"['electronica', 'edm', 'progressive house']",25y6Xtp0vTDB7SIIraJ6kW,Proxy,2014-03-07,,['60d24wfXkVzDSfLS6hyCjZ'],['Martin Garrix'],2014.0,279.384,67PaYmoZUrRaSXaWEIJglP
0ovkF7guujkfu2yRLnUS0b,Ain't a Party (feat. Harrison) - Radio Edit,194500,40,"['deep house', 'dance', 'edm']",5ikMpWbztlAkmdcFYEaRkM,Ain't a Party (feat. Harrison) [Radio Edit],2013-07-08,,"['1Cs0zKBU1kc0i8ypK3B9ai', '2gLZZdgHD8ZbSAB2qQkr3P', '58O8UPrTdl4u2buM0skj94']","['David Guetta', 'GLOWINTHEDARK', 'Harrison']",2013.0,194.5,67PaYmoZUrRaSXaWEIJglP
6rMwYjoFvxKiaEH4If8ZpZ,How Deep Is Your Love - Calvin Harris & R3hab Remix,256560,47,"['edm', 'slap house', 'house']",4dwsyenCENU1FwKZXh0Ech,How Deep Is Your Love (Remixes),2015-08-07,,"['7CajNmpbOovFoOoasH2HaY', '5EehXjjMktLuJmbRsM7YfB', '6cEuCEZu7PAE9ZSzLLc2oQ']","['Calvin Harris', 'Disciples', 'R3HAB']",2015.0,256.56,67PaYmoZUrRaSXaWEIJglP
2y139opKwoNM0pPmKeTcpd,The Hum - Short Edit,211000,43,"['electronica', 'electro', 'big room', 'edm']",7AUAYHT6Xzz1CB7TKB5jAx,The Hum (Short Edit),2015-04-27,,"['73jBynjsVtofjRpdpRAJGk', '7e1BNCygl2Gf7CX8LrByPv']","['Dimitri Vegas & Like Mike', 'Ummet Ozcan']",2015.0,211.0,67PaYmoZUrRaSXaWEIJglP
50AekvESV8GtXwAfwqra54,Satisfied (Radio Edit),221639,29,"['hardstyle', 'electronica', 'big room', 'edm']",6DwG2GveJsbyOo3ArVBRFj,Satisfied,2015-06-15,,"['3gk0OYeLFWYupGFRHqLSR7', '7HqEmV7FeCi16bQyHMpIrF']","['Showtek', 'VASSY']",2015.0,221.639,67PaYmoZUrRaSXaWEIJglP
7bxj6llCh5eFo9z7wNOi0q,Spack Jarrow - Extended Mix,270000,26,"['edm', 'future house', 'big room']",4pTYfkRo22aBDxSFh6k8m6,Spack Jarrow (Extended Mix),2015-09-07,,"['2rTo8KIkBTFjQS7VvaKYQ4', '1vo8zHmO1KzkuU9Xxh6J7W']","['W&W', 'MOTi']",2015.0,270.0,67PaYmoZUrRaSXaWEIJglP
2wwN7CGIhd6a0E5QxE1MvZ,Melody - Radio Mix,223384,0,"['electro', 'big room', 'electronica', 'electro house', 'edm']",0Ah4SbBsCAwggeZhmb6oIC,Melody (Radio Mix),2016-04-29,,"['73jBynjsVtofjRpdpRAJGk', '77AiFEVeAVj2ORpC85QVJs', '7e1BNCygl2Gf7CX8LrByPv']","['Dimitri Vegas & Like Mike', 'Steve Aoki', 'Ummet Ozcan']",2016.0,223.384,67PaYmoZUrRaSXaWEIJglP
2kRiqNXs5S4jYscSCZQaX1,That Drop - Original Mix,258159,0,"['tropical house', 'brazilian bass', 'big room']",72BO2xmYDId6z1TAyKVa2V,That Drop,2015-05-04,,['6P6fVBXZjnqdgq2z2b8WlO'],['FTampa'],2015.0,258.159,67PaYmoZUrRaSXaWEIJglP
5qDy5v2Ci15FB4WlGUcSNh,Raveology,262514,32,"['big room', 'slap house', 'electronica', 'melbourne bounce', 'edm']",7slXfkxwdRS7mfzaEgmepS,Raveology,2014-01-27,,"['5X4LWwbUFNzPkEas04uU82', '4mrBetqy378Jf1y6NLszlx']","['DVBBS', 'VINAI']",2014.0,262.514,67PaYmoZUrRaSXaWEIJglP
1ZoHuLxbQho7N5ioKA6Hx1,C.U.B.A,269906,48,['edm'],12zQ9tz6fjLsB5RjxUgXFu,C.U.B.A,2015-03-16,,['7CajNmpbOovFoOoasH2HaY'],['Calvin Harris'],2015.0,269.906,67PaYmoZUrRaSXaWEIJglP
1ePJabGycaU4kds0w1yOGJ,Sun Goes Down (feat. MAGIC! & Sonny Wilson),211866,30,"['big room', 'electronica', 'dance', 'hardstyle', 'edm']",0fBxY8xFhIKIOknBRwJYxm,Sun Goes Down (feat. MAGIC! & Sonny Wilson),2015-10-03,,"['1Cs0zKBU1kc0i8ypK3B9ai', '3gk0OYeLFWYupGFRHqLSR7', '0DxeaLnv6SyYk2DOqkLO8c', '3gTl4XARdQR2Sy59osG0Ia']","['David Guetta', 'Showtek', 'MAGIC!', 'Sonny Wilson']",2015.0,211.866,67PaYmoZUrRaSXaWEIJglP
5EbITZyzQ51x4y5vgTCoGw,Let Me Feel - Radio Edit,202541,36,"['electro house', 'edm', 'big room', 'progressive house']",0zdMvVziBUVHQn2fyBbnWV,Let Me Feel (Radio Edit),2015-02-09,,"['5ChF3i92IPZHduM7jN3dpg', '0daugAjUgbJSqdlyYNwIbT', '5Mrj5E7pfTnz99Yyef5mW8', '51q7p0TnANvr9f9w1PraWU']","['Nicky Romero', 'Vicetone', 'When We Are Wild', 'Hille Stellingwerf']",2015.0,202.541,67PaYmoZUrRaSXaWEIJglP
3QX7SuJNmWfyIa6CyGuwKA,Sandcastles - Radio Edit,193124,20,['progressive house'],1e7qMUnvgO9PYdkcsIpliq,Sandcastles,2015-08-03,,['1qHD7NdzvjBXQwb7rms3lD'],['Volt & State'],2015.0,193.124,67PaYmoZUrRaSXaWEIJglP
65hRZOQkVjmBdusz1N7aOv,Save The World,213337,71,['edm'],728voOLBbJUBgK2vooghcS,Save The World,2011-05-13,,['1h6Cn3P4NGzXbaXidqURXs'],['Swedish House Mafia'],2011.0,213.337,67PaYmoZUrRaSXaWEIJglP
73TU1voolT9RHWGLOHyM0J,Titanium (feat. Sia) - Alesso Remix,403809,45,"['dance', 'edm']",7tmMk6qGP9CmHOkJWEtsdU,Titanium (feat. Sia),2011-12-09,,"['1Cs0zKBU1kc0i8ypK3B9ai', '5WUlDfRSoLAfcVSX1WnrxN', '4AVFqumd2ogHFlRbKIjp1t']","['David Guetta', 'Sia', 'Alesso']",2011.0,403.809,67PaYmoZUrRaSXaWEIJglP
3lcuERI7leyYwfFGv1ZP5e,Gold Dust,234254,48,[],4QcXq4vTVN7dFb7bZa9jG2,Pharmacy,2015-06-05,,['4sTQVOfp9vEMCemLw50sbu'],['Galantis'],2015.0,234.254,67PaYmoZUrRaSXaWEIJglP
6ICtjZyqSTXxAMIu9QN63h,Mad World - Radio Edit,210703,0,"['electronica', 'edm', 'big room', 'progressive house']",5vdI2UgslbMhoYrLpm12EY,Mad World,2015-10-16,,"['6BrvowZBreEkXzJQMpL174', '0eBOZ74PcpQb3SisNPgaRQ']","['Hardwell', 'Jake Reese']",2015.0,210.703,67PaYmoZUrRaSXaWEIJglP
4KStl2JWlATZdJo8tq0jha,Dreamer - Matisse & Sadko Remix,250809,0,"['progressive house', 'big room', 'edm']",1KEeWoWqWx9SeeG1HSe9XE,Dreamer (Remixes),2018-02-02,,"['2XnBwblw31dfGnspMIwgWz', '2QMCcKIPHnjQaPPgoEst88']","['Axwell /\\ Ingrosso', 'Matisse & Sadko']",2018.0,250.809,67PaYmoZUrRaSXaWEIJglP
0VGrgE7GbWaINRnh1bR4k9,Clarity,271426,2,['edm'],0C6m4LiyUwsLI0eK6kJyeh,Clarity,2012-01-01,,"['2qxJFvFYMEDqd7ui6kSAcq', '7qRll6DYV06u2VuRPAVqug']","['Zedd', 'Foxes']",2012.0,271.426,67PaYmoZUrRaSXaWEIJglP
6ii7kTrjostB8G21X9S6P0,Spectrum,243413,0,['edm'],0C6m4LiyUwsLI0eK6kJyeh,Clarity,2012-01-01,,"['2qxJFvFYMEDqd7ui6kSAcq', '1mU61l2mcjEFraXZLpvVMo']","['Zedd', 'Matthew Koma']",2012.0,243.413,67PaYmoZUrRaSXaWEIJglP
5C4NMi4fPpdFPnMZVsyG8H,Something New,247146,63,['edm'],6Ei5WWek37m1x9AjpSXTcJ,More Than You Know,2017-07-28,,"['2XnBwblw31dfGnspMIwgWz', '1xNmvlEiICkRlRGqlNFZ43', '6hyMWrxGBsOx6sWcVj1DqP']","['Axwell /\\ Ingrosso', 'Axwell', 'Sebastian Ingrosso']",2017.0,247.146,67PaYmoZUrRaSXaWEIJglP
4pHvOc8OyXWGM78WGzShev,Howl At The Moon - Radio Edit,183750,44,"['progressive house', 'future house', 'edm']",4HQHV81zj57DsEXGdDMkes,Howl At The Moon,2014-03-10,,"['0DRf6JJDQnRnz0Yp209CmH', '27feHJH3VKyk8FgOndiWU8']","['Stadiumx', 'Taylr Renee']",2014.0,183.75,67PaYmoZUrRaSXaWEIJglP
1sh6lL6cmlcwhqZKGiKBua,I Could Be The One (Avicii Vs. Nicky Romero) - Radio Edit,208316,74,"['electro house', 'progressive house', 'big room', 'edm']",0sOrbRnJcNod63r49kmGVb,I Could Be The One [Avicii vs Nicky Romero],2012-12-26,,"['1vCWHaC5f2uS3yhpwWbIA6', '5ChF3i92IPZHduM7jN3dpg']","['Avicii', 'Nicky Romero']",2012.0,208.316,67PaYmoZUrRaSXaWEIJglP
5M9jOReAKGZ2AttVefFjTY,Don't Look Down (feat. Usher),223139,68,"['electronica', 'r&b', 'edm', 'progressive house']",7e4eCJT5ON1FpJD5Si341e,Don't Look Down (feat. Usher),2015-03-17,,"['60d24wfXkVzDSfLS6hyCjZ', '23zg3TcAtWQy7J6upgbUnj']","['Martin Garrix', 'USHER']",2015.0,223.139,67PaYmoZUrRaSXaWEIJglP
7KCXA4Y1gIGDSm388m9bW1,Keeping Your Head Up - Don Diablo Remix; Radio Edit,207145,49,"['future house', 'edm']",4259aAIAYsIhri9W5EgM3J,Keeping Your Head Up (Don Diablo Remix; Radio Edit),2016-02-12,,"['2WX2uTcsvV5OnS0inACecP', '1l2ekx5skC4gJH8djERwh1']","['Birdy', 'Don Diablo']",2016.0,207.145,67PaYmoZUrRaSXaWEIJglP
2h4NeHIduGdYq9XRlL3FZD,Make Me Feel Better - Don Diablo & CID / Radio Edit,202460,22,"['tech house', 'future house', 'tropical house', 'edm']",0zMLyv1kNV2B0LDGEK2RbB,Jonas Blue: Electronic Nature - The Mix 2017,2017-07-14,,"['1mrrvBvbrm28iYaPlJ9mG5', '1l2ekx5skC4gJH8djERwh1', '4FCzCS0KEgb0rgySWINItO']","['Alex Adair', 'Don Diablo', 'CID']",2017.0,202.46,67PaYmoZUrRaSXaWEIJglP
5hZz0GjweCU7v0u5VU6KlT,Chemicals (feat. Thomas Troelsen),222075,50,"['future house', 'big room', 'house', 'trance', 'dance', 'edm']",5ahoJwdRxEV11glfqkF5zX,Chemicals (feat. Thomas Troelsen),2015-10-03,,"['2o5jDhtHVPhrJdv3cEQ99Z', '1l2ekx5skC4gJH8djERwh1', '66dO8EHFd4ZfjxdQC4VdAS']","['Tiësto', 'Don Diablo', 'Thomas Troelsen']",2015.0,222.075,67PaYmoZUrRaSXaWEIJglP
3WovUC9r899C6zVoaqzSyl,Live The Night - Extended Mix,273750,37,"['big room', 'electronica', 'progressive house', 'crunk', 'edm']",2AA7tUy5d2IXPeqQHBtHF4,Live The Night,2016-07-11,,"['2rTo8KIkBTFjQS7VvaKYQ4', '6BrvowZBreEkXzJQMpL174', '7sfl4Xt5KmfyDs2T3SVSMK']","['W&W', 'Hardwell', 'Lil Jon']",2016.0,273.75,67PaYmoZUrRaSXaWEIJglP
1qm9MfTAoEixNPSqshHqfV,Toca (feat. Timmy Trumpet & KSHMR),223000,54,"['big room', 'slap house', 'electronica', 'melbourne bounce', 'edm']",6AFct76pAIPVHMuOHA80YE,Papi Gordo,2015-10-30,,"['7CCjtD0hCK005Bvg2WG1a7', '0CbeG1224FS58EUx4tPevZ', '2wX6xSig4Rig5kZU6ePlWe']","['Carnage', 'Timmy Trumpet', 'KSHMR']",2015.0,223.0,67PaYmoZUrRaSXaWEIJglP
712Hktc9DnU5u9uOSn1q1Y,Bazaar - Official Sunburn Goa 2015 Anthem,172500,48,"['electronica', 'edm', 'big room', 'slap house']",36pFTdtEssQWiApMZ7J30m,Bazaar (Official Sunburn Goa 2015 Anthem),2015-12-25,,"['2wX6xSig4Rig5kZU6ePlWe', '6S3KljEiIOWoLMUyZrkQUc']","['KSHMR', 'Marnik']",2015.0,172.5,67PaYmoZUrRaSXaWEIJglP
6GLzN6o2fkOupy8e1vGzwp,Virus (How About Now) - Radio Edit,199426,60,"['future house', 'big room', 'electronica', 'progressive house', 'edm']",22GK1YrW3XnIFnhifmv5nZ,Virus (How About Now) [Radio Edit],2014-10-27,,"['60d24wfXkVzDSfLS6hyCjZ', '1vo8zHmO1KzkuU9Xxh6J7W']","['Martin Garrix', 'MOTi']",2014.0,199.426,67PaYmoZUrRaSXaWEIJglP
4O2gRMLAIQYHXe25wjeTFj,Electric Elephants,173087,46,"['electronica', 'edm', 'future house', 'big room']",1Vlj2MZ0h4LA0IYjPvX6eI,Electric Elephants,2015-11-13,,['12SPNXi0aDpFt0rMVbmLrr'],['Jay Hardway'],2015.0,173.087,67PaYmoZUrRaSXaWEIJglP
0jwBZ2IGQiqnzddAH1i5xb,Wizard,281259,18,"['future house', 'big room', 'electronica', 'progressive house', 'edm']",0PnxUXn0k2RxoYzhmHmagB,Wizard,2013-12-16,,"['60d24wfXkVzDSfLS6hyCjZ', '12SPNXi0aDpFt0rMVbmLrr']","['Martin Garrix', 'Jay Hardway']",2013.0,281.259,67PaYmoZUrRaSXaWEIJglP
41n12dnalEleTIgVhPAadq,The Wave - Original Mix,206250,0,"['melbourne bounce', 'deep house', 'big room', 'slap house']",4rGuRVfLISm274WoPIVu1B,The Wave,2015-08-03,,"['4mrBetqy378Jf1y6NLszlx', '58O8UPrTdl4u2buM0skj94']","['VINAI', 'Harrison']",2015.0,206.25,67PaYmoZUrRaSXaWEIJglP
63tSP00oJyqLVvn3fqPT3g,Raveheart,210587,31,"['electronica', 'big room', 'edm']",12LTmjlvB8pmmQx0Nzge02,Raveheart,2015-08-17,,['5X4LWwbUFNzPkEas04uU82'],['DVBBS'],2015.0,210.587,67PaYmoZUrRaSXaWEIJglP
5CQ3B0nNkKGNKMLPrtXfHa,Tiger - Original Mix,200628,0,"['big room', 'edm', 'slap house']",3IjvRgGquqWIHFAwAvC7nQ,Tiger,2015-06-12,,"['6cEuCEZu7PAE9ZSzLLc2oQ', '4CrDEHL7ysNabeYvL3xjUX', '0EK2nCt5jxbkN2HCmtKy4V']","['R3HAB', 'Skytech', 'Fafaq']",2015.0,200.628,67PaYmoZUrRaSXaWEIJglP
1NM2NUzlN9SY8z5k4ZfRJB,Ping Pong - Hardwell Remix,180923,50,"['big room', 'electronica', 'trance', 'progressive house', 'progressive trance', 'edm']",5MbMZMTM6BMefGRnCFtw7T,Ping Pong (Hardwell Remix),2014-04-28,,"['0SfsnGyD8FpIN4U4WCkBZ5', '6BrvowZBreEkXzJQMpL174']","['Armin van Buuren', 'Hardwell']",2014.0,180.923,67PaYmoZUrRaSXaWEIJglP
0HfBJq3iJ14I90SAX1NFgF,Call Me a Spaceman - Radio Edit,189375,37,"['electronica', 'edm', 'big room', 'progressive house']",2A5Lqfgvp6Zsng03uzY4fc,Call Me a Spaceman,,,"['6BrvowZBreEkXzJQMpL174', '4m5bANP6wwn3O6xmjYxhTm']","['Hardwell', 'Mitch Crown']",,189.375,67PaYmoZUrRaSXaWEIJglP
2u1hNCuqC0KFNnuAOxGUTN,Wake Up,270245,24,"['electronica', 'edm', 'future house', 'big room']",3hAF3xs6nPTf0xVo8vmsO6,Wake Up,,,['12SPNXi0aDpFt0rMVbmLrr'],['Jay Hardway'],,270.245,67PaYmoZUrRaSXaWEIJglP
1qp0ptMXNg9hqLH8sk7cc2,Sweet Lovin' - Radio Edit,202213,67,[],5rr0xAQfk01cPi1N37jX11,Brighter Days,2018-09-28,,"['1IueXOQyABrMOprrzwQJWN', '7mWMzxN6IAIQ1tfFFtAiQv']","['Sigala', 'Bryn Christopher']",2018.0,202.213,67PaYmoZUrRaSXaWEIJglP
2ToIksTPpJ4csKPEOdUEyM,Cool,221400,62,['edm'],0tRVSbmOwilUucqjzU0fQw,Forever,2015-05-22,,"['4AVFqumd2ogHFlRbKIjp1t', '1m42JiZ7Rv8D7Lc7FTSWAR']","['Alesso', 'Roy English']",2015.0,221.4,67PaYmoZUrRaSXaWEIJglP
5tf1VVWniHgryyumXyJM7w,Sugar (feat. Francesco Yates),219043,84,['tropical house'],5XyJzEROSmup2TcWmVjTIt,Sugar,2015-09-25,,"['3t5xRXzsuZmMDkQzgOX35S', '5X1JzPIIonP3u9lA580pPT']","['Robin Schulz', 'Francesco Yates']",2015.0,219.043,67PaYmoZUrRaSXaWEIJglP
0g5EKLgdKvNlln7TNqBByK,Middle,220573,81,[],02sEJTj1sye1JaqxqpcSCp,Encore,2016-08-05,,"['540vIaP2JwjQb9dm3aArA4', '0CjWKoS55T7DOt0HJuwF1H']","['DJ Snake', 'Bipolar Sunshine']",2016.0,220.573,67PaYmoZUrRaSXaWEIJglP
0vbtURX4qv1l7besfwmnD8,I Took A Pill In Ibiza - Seeb Remix,197933,84,[],6Phl1V5P0sPrWJytXHGFeO,"At Night, Alone.",2016-05-06,,"['2KsP6tYLJlTBvSUxnwlVWa', '5iNrZmtVMtYev5M9yoWpEq']","['Mike Posner', 'Seeb']",2016.0,197.933,67PaYmoZUrRaSXaWEIJglP
53Y0kdCa1CZ9gRqEuknfwy,Bang My Head (feat. Sia & Fetty Wap),193333,62,"['dance', 'edm']",7bpWEp24oHgUs08ImjakfU,Listen Again,2015-11-27,,"['1Cs0zKBU1kc0i8ypK3B9ai', '6PXS4YHDkKvl1wkIl4V8DL', '5WUlDfRSoLAfcVSX1WnrxN']","['David Guetta', 'Fetty Wap', 'Sia']",2015.0,193.333,67PaYmoZUrRaSXaWEIJglP
44EbX1Cuwpq3hdnpTHsmfO,Another You,192306,65,"['electronica', 'trance', 'progressive house', 'progressive trance', 'edm']",7G53des9iRPuUydeFXXNGy,Embrace,2015-10-29,,"['0SfsnGyD8FpIN4U4WCkBZ5', '33W1pnW9zScZtYTnAoWnOT']","['Armin van Buuren', 'Mr. Probz']",2015.0,192.306,67PaYmoZUrRaSXaWEIJglP
0FECNpeQ32g5M2JAvo6OEx,Won't Stop Rocking - Extended Mix,247500,20,"['frenchcore', 'big room', 'slap house', 'hardcore', 'hardstyle', 'melbourne bounce', 'edm']",0Gf43k4cI4ceQD9nzegWAo,Won't Stop Rocking (Extended Mix),,,"['6cEuCEZu7PAE9ZSzLLc2oQ', '6C0KWmCdqrLU2LzzWBPbOy']","['R3HAB', 'Headhunterz']",,247.5,67PaYmoZUrRaSXaWEIJglP
3ActcmE8M7DpBHQiRFSx5G,Strong,169101,0,"['electronica', 'big room', 'edm', 'slap house']",1qY6cXLpp5IbCekO95Q62T,Strong,2015-11-27,,"['6cEuCEZu7PAE9ZSzLLc2oQ', '2wX6xSig4Rig5kZU6ePlWe']","['R3HAB', 'KSHMR']",2015.0,169.101,67PaYmoZUrRaSXaWEIJglP
7psKw1qhe5L81PsO4JMmER,Tales of Tomorrow (feat. Julian Perretta) - Radio Edit,190293,0,"['electronica', 'electro', 'big room', 'edm']",2PKDDBKka7J7BW1hHlwbNI,Tales of Tomorrow (feat. Julian Perretta),2015-02-06,,"['73jBynjsVtofjRpdpRAJGk', '7dc6hUwyuIhrZdh80eaCEE', '2JLl6rSFWx9YuSPLcLhkAG']","['Dimitri Vegas & Like Mike', 'Fedde Le Grand', 'Julian Perretta']",2015.0,190.293,67PaYmoZUrRaSXaWEIJglP
7yz7xxHAG4ChgrSeMvIXIo,Wildcard (feat. Sidnie Tipton),189375,0,"['electronica', 'edm', 'big room', 'slap house']",2s6A9WBgvFTMM8CNANb6iv,Wildcard,2016-04-08,,"['2wX6xSig4Rig5kZU6ePlWe', '1q4zUzqEWKe8YvpI9OxKqL']","['KSHMR', 'Sidnie Tipton']",2016.0,189.375,67PaYmoZUrRaSXaWEIJglP
0cfrZ37odJuW5wWaMytlHB,If It Ain't Dutch,173500,28,"['big room', 'electronica', 'trance', 'progressive house', 'progressive trance', 'edm']",1nfqkext9OM0SsBudds3rn,If It Ain’t Dutch,2015-12-21,,"['0SfsnGyD8FpIN4U4WCkBZ5', '2rTo8KIkBTFjQS7VvaKYQ4']","['Armin van Buuren', 'W&W']",2015.0,173.5,67PaYmoZUrRaSXaWEIJglP
1urGFAKuxlVACfkVO1vSD2,Apollo - Lucky Date Remix,277500,17,"['big room', 'electronica', 'progressive house', 'electro house', 'edm']",2sxrtdVxRK5NJYaClT4scj,Apollo (The Remixes),2013-04-08,,"['6BrvowZBreEkXzJQMpL174', '4RTCIP5yp2tL1AtBCq7ukj', '6nNKPNNjOy3my0IYO8l0v4']","['Hardwell', 'Amba Shepherd', 'Lucky Date']",2013.0,277.5,67PaYmoZUrRaSXaWEIJglP
7vHyJPO7x2OsrsNR8AkCVF,Play Hard (feat. Ne-Yo & Akon) - R3hab Remix,246000,48,"['dance', 'edm', 'slap house']",4SItgf8atEzBP6EUaTTR9c,Play Hard (feat. Ne-Yo & Akon) [Remixes],2013-03-22,,"['1Cs0zKBU1kc0i8ypK3B9ai', '0z4gvV4rjIZ9wHck67ucSV', '21E3waRsmPlU7jZsS13rcj', '6cEuCEZu7PAE9ZSzLLc2oQ']","['David Guetta', 'Akon', 'Ne-Yo', 'R3HAB']",2013.0,246.0,67PaYmoZUrRaSXaWEIJglP
05SBRd4fXgn8FX7bf8BCAE,I Need Your Love (feat. Ellie Goulding),234506,79,['edm'],7w19PFbxAjwZ7UVNp9z0uT,18 Months,2012-10-29,,"['7CajNmpbOovFoOoasH2HaY', '0X2BH1fck6amBIoJhDVmmJ']","['Calvin Harris', 'Ellie Goulding']",2012.0,234.506,67PaYmoZUrRaSXaWEIJglP
0xIVvRmjztR1AwuHrkhH41,Addicted To You,148386,5,['edm'],02h9kO2oLKnLtycgbElKsw,True,2013-01-01,,['1vCWHaC5f2uS3yhpwWbIA6'],['Avicii'],2013.0,148.386,67PaYmoZUrRaSXaWEIJglP
5s7xgzXtmY4gMjeSlgisjy,Easy Love,229813,71,[],5rr0xAQfk01cPi1N37jX11,Brighter Days,2018-09-28,,['1IueXOQyABrMOprrzwQJWN'],['Sigala'],2018.0,229.813,67PaYmoZUrRaSXaWEIJglP
66hayvUbTotekKU3H4ta1f,Where Are Ü Now (with Justin Bieber),250285,78,"['electro', 'electronic', 'moombahton', 'dubstep', 'edm']",6bfkwBrGYKJFk6Z4QVyjxd,Skrillex and Diplo present Jack Ü,2015-02-24,,"['1HxJeLhIuegM3KgvPn8sTa', '5he5w2lnU9x7JFhnwcekXX', '5fMUXHkw8R8eOP2RNVYEZX', '1uNFoZAHBGtllmzznpCI3s']","['Jack Ü', 'Skrillex', 'Diplo', 'Justin Bieber']",2015.0,250.285,67PaYmoZUrRaSXaWEIJglP
2pnappP4F4nlPnYxGn5Ktt,Young Again,219534,52,"['big room', 'symphonic metal', 'electronica', 'trance', 'progressive house', 'gothic metal', 'edm']",49C8Rqg0ANAYpBQwE2G6zb,United We Are,2015-01-23,,"['6BrvowZBreEkXzJQMpL174', '138MRWfk2JTHgHSUxcI4bU']","['Hardwell', 'Chris Jones']",2015.0,219.534,67PaYmoZUrRaSXaWEIJglP
23swE9P34JURakXJ5Ox24X,Dragon - Radio Edit,196670,2,"['electronica', 'big room', 'edm', 'progressive house']",1ZnkITEZVjkfOAFS3NA1mO,Dragon (Radio Edit),2015-07-27,,"['60d24wfXkVzDSfLS6hyCjZ', '2QMCcKIPHnjQaPPgoEst88']","['Martin Garrix', 'Matisse & Sadko']",2015.0,196.67,67PaYmoZUrRaSXaWEIJglP
0HT6YGHjXKNvnTjGGtur3j,Spotless,195004,42,"['future house', 'big room', 'electronica', 'progressive house', 'edm']",0f1CZexom6ELxbDZx32fyk,Seven,2016-10-28,,"['60d24wfXkVzDSfLS6hyCjZ', '12SPNXi0aDpFt0rMVbmLrr']","['Martin Garrix', 'Jay Hardway']",2016.0,195.004,67PaYmoZUrRaSXaWEIJglP
6nLctpnQJiPTxkaSgbPKiw,Together,221274,49,"['electronica', 'big room', 'edm', 'progressive house']",0f1CZexom6ELxbDZx32fyk,Seven,2016-10-28,,"['60d24wfXkVzDSfLS6hyCjZ', '2QMCcKIPHnjQaPPgoEst88']","['Martin Garrix', 'Matisse & Sadko']",2016.0,221.274,67PaYmoZUrRaSXaWEIJglP
40zeTp2Q7975Cs6oykql5S,Turn It Around - Ultra 2015 Instrumental Edit,306141,21,"['progressive house', 'big room', 'edm']",4yPjiRVzPSmOEoviLpTfXa,Turn It Around (Ultra 2015 Instrumental Edit),2015-04-17,,['3XINWZaloea97SIRiyTJxX'],['DubVision'],2015.0,306.141,67PaYmoZUrRaSXaWEIJglP
6ciGkYEEqNtesCLLKxeobq,Freefall - Manse Remix,152840,23,"['big room', 'electronica', 'trance', 'progressive house', 'progressive trance', 'edm']",4ZX8FjVI8DVwbcbVAhBnuR,Freefall,2016-04-29,,"['0SfsnGyD8FpIN4U4WCkBZ5', '5YMqwPmb7ViNXM63g1MUH5', '2jGvmFH6YE352p9LKmuB0y']","['Armin van Buuren', 'BullySongs', 'Manse']",2016.0,152.84,67PaYmoZUrRaSXaWEIJglP
4lhqb6JvbHId48OUJGwymk,Hey Brother,255093,83,['edm'],2H6i2CrWgXE1HookLu8Au0,True,2013-01-01,,['1vCWHaC5f2uS3yhpwWbIA6'],['Avicii'],2013.0,255.093,67PaYmoZUrRaSXaWEIJglP
7B1Dl3tXqySkB8OPEwVvSu,We'll Be Coming Back (feat. Example),234360,64,['edm'],7w19PFbxAjwZ7UVNp9z0uT,18 Months,2012-10-29,,"['7CajNmpbOovFoOoasH2HaY', '6Vh6UDWfu9PUSXSzAaB3CW']","['Calvin Harris', 'Example']",2012.0,234.36,67PaYmoZUrRaSXaWEIJglP
24LS4lQShWyixJ0ZrJXfJ5,Sweet Nothing (feat. Florence Welch),212560,81,['edm'],7w19PFbxAjwZ7UVNp9z0uT,18 Months,2012-10-29,,"['7CajNmpbOovFoOoasH2HaY', '0IROOdQ2fQUcoaEPqt1Isg']","['Calvin Harris', 'Florence Welch']",2012.0,212.56,67PaYmoZUrRaSXaWEIJglP
1YRjRHdl0aEtzHEn1uGi8k,What I Did for Love (feat. Emeli Sandé),207200,59,"['dance', 'edm']",77UW17CZFyCaRLHdHeofZu,Listen,2014-11-10,,"['1Cs0zKBU1kc0i8ypK3B9ai', '7sfgqEdoeBTjd8lQsPT3Cy']","['David Guetta', 'Emeli Sandé']",2014.0,207.2,67PaYmoZUrRaSXaWEIJglP
1qE47wUKG2juJwPoLqg4C9,Lean On (feat. MØ & DJ Snake),176561,7,['moombahton'],4b6Si351g8brcy6TtHFn13,Peace Is The Mission,2015-06-01,,"['738wLrAtLtCtFOLvQBXOXp', '0bdfiayQAKewqEvaU6rXCv', '540vIaP2JwjQb9dm3aArA4']","['Major Lazer', 'MØ', 'DJ Snake']",2015.0,176.561,67PaYmoZUrRaSXaWEIJglP
412luShbmlgqqgYFStIB1s,Wish You Were Mine - Radio Edit,177560,72,[],0iAuPLI4L4n6lpv3YGMnWU,Wish You Were Mine,2014-12-26,,['0Q9slhIaEgg190iG8udYIV'],['Philip George'],2014.0,177.56,67PaYmoZUrRaSXaWEIJglP
0tDC3KJPPu5eonGTtCURpq,Headlights (feat. Ilsey),209208,70,['tropical house'],5XyJzEROSmup2TcWmVjTIt,Sugar,2015-09-25,,"['3t5xRXzsuZmMDkQzgOX35S', '2ZKzqJz3pPfWKVRgz9b39j']","['Robin Schulz', 'Ilsey']",2015.0,209.208,67PaYmoZUrRaSXaWEIJglP
1I8tHoNBFTuoJAlh4hfVVE,Firestone,271640,81,['tropical house'],0uMIzWh1uEpHEBell4rlF8,Cloud Nine,2016-05-13,,"['23fqKkggKUBHNkbKtXEls4', '1rw8ZTLnDHd74TWDDukjVi']","['Kygo', 'Conrad Sewell']",2016.0,271.64,67PaYmoZUrRaSXaWEIJglP
1oUb2nyyq0IWVj1nsuft0H,How to Love (feat. Sofia Reyes),219240,56,"['latin pop', 'edm']",0KQDN58Lz8CXOsfIG6tQ7X,"Blood, Sweat & 3 Years",2016-06-24,,"['1LOB7jTeEV14pHai6EXSzF', '0haZhu4fFKt0Ag94kZDiz2']","['Cash Cash', 'Sofía Reyes']",2016.0,219.24,67PaYmoZUrRaSXaWEIJglP
1plzDKavZ6EkVk91RPYd1L,Give Me Your Love,207280,59,[],5rr0xAQfk01cPi1N37jX11,Brighter Days,2018-09-28,,"['1IueXOQyABrMOprrzwQJWN', '34v5MVKeQnIo0CWYMbbrPf', '3yDIp0kaq9EFKe07X1X2rz']","['Sigala', 'John Newman', 'Nile Rodgers']",2018.0,207.28,67PaYmoZUrRaSXaWEIJglP
78JKUdtWw3LdZOqC34adw0,Feet On The Ground,297528,18,"['big room', 'nederpop', 'progressive house', 'electro house', 'edm']",1XBo8cg9lbGfB9joKndYWX,Feet On The Ground (Remixes),2014-11-16,,"['5ChF3i92IPZHduM7jN3dpg', '6ltVunYjAAD70YtVO6rxvX']","['Nicky Romero', 'Anouk']",2014.0,297.528,67PaYmoZUrRaSXaWEIJglP
2z9BHtXQT5XsrIThekoZ8s,Treasured Soul - Radio Edit,177600,3,[],7HE9ahCfQSGIc4rlIr2O4k,Treasured Soul (Radio Edit),2015-03-02,,['4CuipEvwcoQggmCV8jpKF9'],['Michael Calfan'],2015.0,177.6,67PaYmoZUrRaSXaWEIJglP
20hsdn8oITBsuWNLhzr5eh,Byte,285089,51,"['electronica', 'future house', 'edm', 'progressive house']",7bhogovOiLN8d5QEKltWyc,Byte,2017-04-07,,"['60d24wfXkVzDSfLS6hyCjZ', '4mHAu7NX2UNsnGXjviBD9e']","['Martin Garrix', 'Brooks']",2017.0,285.089,67PaYmoZUrRaSXaWEIJglP
6KpwFKnUdpF98NSi81YUdH,Bitch Better Have My Money - R3hab Remix,228753,45,"['edm', 'slap house']",6o1FK4itJif0nI3EWcApJt,Bitch Better Have My Money (R3hab Remix),2015-05-04,,"['5pKCCKE2ajJHZ9KAiaK11H', '6cEuCEZu7PAE9ZSzLLc2oQ']","['Rihanna', 'R3HAB']",2015.0,228.753,67PaYmoZUrRaSXaWEIJglP
1P0RMKG0HVFdFrLQ75O9Fj,Nova - Original Mix,252657,38,"['electro', 'big room', 'electronica', 'electronic', 'brazilian bass', 'melbourne bounce', 'electro house', 'edm']",4Dwrihkwy2GcpuyrbSTdwj,Nova,2014-09-15,,"['73jBynjsVtofjRpdpRAJGk', '3eH2apcLhzhnr3eWmH3VBf', '2vVNxGBvKRQMWwI5c8KmYh']","['Dimitri Vegas & Like Mike', 'Felguk', 'Tujamo']",2014.0,252.657,67PaYmoZUrRaSXaWEIJglP
4dHLeKmHhjyu1pfzE1j9Ac,How We Do - Original Mix,326192,28,"['big room', 'electronica', 'hardstyle', 'progressive house', 'edm']",7MMAJbspnIpnnLGILR8m77,How We Do,,,"['6BrvowZBreEkXzJQMpL174', '3gk0OYeLFWYupGFRHqLSR7']","['Hardwell', 'Showtek']",,326.192,67PaYmoZUrRaSXaWEIJglP
3wBkYO9IwZrXSAkWjt7ZAK,Melody,223384,0,"['electro', 'big room', 'electronica', 'electro house', 'edm']",4Sh8PRQry6BXzm1isdclj3,Melody,2016-05-09,,"['73jBynjsVtofjRpdpRAJGk', '77AiFEVeAVj2ORpC85QVJs', '7e1BNCygl2Gf7CX8LrByPv']","['Dimitri Vegas & Like Mike', 'Steve Aoki', 'Ummet Ozcan']",2016.0,223.384,67PaYmoZUrRaSXaWEIJglP
0LigJnwiA8OXeDp5qEDlTc,Lighthouse - Radio Edit,186562,0,"['electro house', 'edm', 'big room', 'progressive house']",02O7PX6ypIu0rH431o4rEZ,Lighthouse,2015-06-22,,['5ChF3i92IPZHduM7jN3dpg'],['Nicky Romero'],2015.0,186.562,67PaYmoZUrRaSXaWEIJglP
0mV5JWhyUFANd9qpwLkM8d,No Sleep (feat. Bonn) - DubVision Remix,239062,51,"['electronica', 'big room', 'edm', 'progressive house']",3z4efVJv1e3GmoR7PybqHR,2019 Remixed,2019-12-31,,"['60d24wfXkVzDSfLS6hyCjZ', '7Io0XduXk7aOHFHA7sLru2', '3XINWZaloea97SIRiyTJxX']","['Martin Garrix', 'Bonn', 'DubVision']",2019.0,239.062,67PaYmoZUrRaSXaWEIJglP
4ut5G4rgB1ClpMTMfjoIuy,High On Life (feat. Bonn),230761,72,"['electronica', 'edm', 'progressive house']",1GUfof1gHsqYjoHFym3aim,High On Life (feat. Bonn),2018-07-29,,"['60d24wfXkVzDSfLS6hyCjZ', '7Io0XduXk7aOHFHA7sLru2']","['Martin Garrix', 'Bonn']",2018.0,230.761,67PaYmoZUrRaSXaWEIJglP
5Iy2Jj87Ha0C0IBlNE1I4y,The Days,278480,70,['edm'],0h2knr6qpiAq0tV5ri5JMF,The Days / Nights,2014-01-01,,['1vCWHaC5f2uS3yhpwWbIA6'],['Avicii'],2014.0,278.48,67PaYmoZUrRaSXaWEIJglP
0GyQwGfHQm03m1F9gGfd1O,Bad Man - Skrillex Remix,249600,0,"['drum and bass', 'electro', 'electronic', 'dubstep', 'edm']",6JfHI2sLjSuma3drVEtZLr,OWSLA Spring Compilation 2015,2015-03-17,,"['143WEcOXmW9Ar2ULZMALQK', '5he5w2lnU9x7JFhnwcekXX']","['The Ragga Twins', 'Skrillex']",2015.0,249.6,67PaYmoZUrRaSXaWEIJglP
0G4Xb2xdqotD0iRCQ8yyiV,Panta Rhei,175621,23,"['big room', 'electronica', 'trance', 'progressive house', 'progressive trance', 'edm']",2Kdc3Ye2lovbdzawshfF2K,A State Of Trance 2015,2015-04-10,,"['0SfsnGyD8FpIN4U4WCkBZ5', '3ePCIHipMKD4n8IBXBYWSm']","['Armin van Buuren', 'Mark Sixma']",2015.0,175.621,67PaYmoZUrRaSXaWEIJglP
5AWMbJ60z0NmztJ1Edl00K,Never Be Like You,234909,5,['future bass'],6pFOh9PfVU4NUycoWYkEl2,Skin,2016-05-27,,"['6nxWCVXbOlEVRexSbLsTer', '6xHUXzrfhFgnIv86EBR3Ml']","['Flume', 'kai']",2016.0,234.909,67PaYmoZUrRaSXaWEIJglP
5zATs59c3mikRxLK6ODE0p,On My Way,264800,58,['edm'],6Ei5WWek37m1x9AjpSXTcJ,More Than You Know,2017-07-28,,"['2XnBwblw31dfGnspMIwgWz', '1xNmvlEiICkRlRGqlNFZ43', '6hyMWrxGBsOx6sWcVj1DqP']","['Axwell /\\ Ingrosso', 'Axwell', 'Sebastian Ingrosso']",2017.0,264.8,67PaYmoZUrRaSXaWEIJglP
6h5PAsRni4IRlxWr6uDPTP,More Than You Know,203000,82,['edm'],6Ei5WWek37m1x9AjpSXTcJ,More Than You Know,2017-07-28,,"['2XnBwblw31dfGnspMIwgWz', '1xNmvlEiICkRlRGqlNFZ43', '6hyMWrxGBsOx6sWcVj1DqP']","['Axwell /\\ Ingrosso', 'Axwell', 'Sebastian Ingrosso']",2017.0,203.0,67PaYmoZUrRaSXaWEIJglP
1FZ90IoWFZlubV6bjyyEwq,Faded - Dash Berlin Remix,215413,46,"['electronica', 'trance', 'big room']",1iyzvyJg2grVy8cMdRSL08,Faded (Remixes),2016-04-29,,"['7vk5e3vY1uw9plTHJAMwjN', '1xT5p0VBpnZDrvVSjX9sri']","['Alan Walker', 'Dash Berlin']",2016.0,215.413,67PaYmoZUrRaSXaWEIJglP
1cG0umU5TKStygKsPFZ9pY,Shed a Light,191379,57,"['tropical house', 'dance', 'edm']",6yKhjUoOsHa60DSqpugerw,Shed a Light,2016-11-25,,"['3t5xRXzsuZmMDkQzgOX35S', '1Cs0zKBU1kc0i8ypK3B9ai', '7DMveApC7UnC2NPfPvlHSU']","['Robin Schulz', 'David Guetta', 'Cheat Codes']",2016.0,191.379,67PaYmoZUrRaSXaWEIJglP
0k2eD3lSO9fGuhGtVoAGFr,Warriors - Original Mix,336377,0,"['electro house', 'edm', 'big room', 'progressive house']",4SBXzZwXoK9RyJ1bziGNN3,Warriors,2015-03-30,,"['5ChF3i92IPZHduM7jN3dpg', '1qHD7NdzvjBXQwb7rms3lD']","['Nicky Romero', 'Volt & State']",2015.0,336.377,67PaYmoZUrRaSXaWEIJglP
2ItO4ZVCtwEHuLL6ygajGM,Let The Music Take Control,156449,49,"['edm', 'big room']",1Ot052om0xcjUFSQqXu6ZT,Let The Music Take Control,2019-05-17,,"['2rTo8KIkBTFjQS7VvaKYQ4', '37awA8DFCAnCCL7aqYbDnD']","['W&W', 'Blasterjaxx']",2019.0,156.449,67PaYmoZUrRaSXaWEIJglP
6lBQ0SMCrJ7zy1LSCuXqwV,Lions in the Wild,211889,57,"['electronica', 'big room', 'edm', 'progressive house']",2x8X4Dq12rXdQsmk41F3VV,Lions in the Wild,2016-05-27,,"['60d24wfXkVzDSfLS6hyCjZ', '2J80qXI4NHKpq5RT3xUF7V']","['Martin Garrix', 'Third Party']",2016.0,211.889,67PaYmoZUrRaSXaWEIJglP
24tVqMiAtv8jmpNPhBEsDY,Now That I've Found You,192631,55,"['electronica', 'edm', 'progressive house']",38DkYeBW88ThKrbi21eRLB,Now That I've Found You,2016-03-11,,"['60d24wfXkVzDSfLS6hyCjZ', '2auikkNYqigWStoHWK1Grq', '0SiA0xtHw1lnSXRf1S7jjw']","['Martin Garrix', 'John Martin', 'Michel Zitron']",2016.0,192.631,67PaYmoZUrRaSXaWEIJglP
7EdxI2Yro4AW2HH3akwqms,Apollo,209765,58,"['electronica', 'edm', 'big room', 'progressive house']",1c8VPF74qax6iaGsf74cQ8,I Am Hardwell (Original Soundtrack),2013-11-15,,"['6BrvowZBreEkXzJQMpL174', '4RTCIP5yp2tL1AtBCq7ukj']","['Hardwell', 'Amba Shepherd']",2013.0,209.765,67PaYmoZUrRaSXaWEIJglP
6e19Uxcna7oPqqo0FYYxHY,Space Jungle - Showtek Edit,315000,4,"['hardstyle', 'electronica', 'big room', 'edm']",1XiOHQc9G2fWuhZ2XtSPDB,Space Jungle (Showtek Edit),2014-12-15,,"['638CPU1xRHUo6AmfZe3F2c', '3gk0OYeLFWYupGFRHqLSR7']","['Eva Shaw', 'Showtek']",2014.0,315.0,67PaYmoZUrRaSXaWEIJglP
2WW3PfGHh0aA2xCAyK6X1J,Poison,248447,51,"['electronica', 'edm', 'progressive house']",5vIEAjSbKMbF5lnxlihISJ,Poison,2015-11-02,,['60d24wfXkVzDSfLS6hyCjZ'],['Martin Garrix'],2015.0,248.447,67PaYmoZUrRaSXaWEIJglP
